Timestamp,Reason,Content
2026-02-07 13:38:21,Pattern Match: ^\[\d+条\]$,[1条]
2026-02-07 13:38:21,Pattern Match: ^\d{1,2}:\d{2}$,13:37
2026-02-07 13:38:21,Pattern Match: 消息免打扰,消息免打扰
2026-02-07 13:38:22,Pattern Match: ^\[\d+条\]$,[1条]
2026-02-07 13:38:22,Pattern Match: ^\d{1,2}:\d{2}$,13:37
2026-02-07 13:38:22,Pattern Match: 消息免打扰,消息免打扰
2026-02-07 13:38:22,Pattern Match: ^\[\d+条\]$,[1条]
2026-02-07 13:38:22,Pattern Match: ^\d{1,2}:\d{2}$,13:37
2026-02-07 13:38:22,Pattern Match: 消息免打扰,消息免打扰
2026-02-07 13:38:23,Pattern Match: ^\[\d+条\]$,[1条]
2026-02-07 13:38:23,Pattern Match: ^\d{1,2}:\d{2}$,13:37
2026-02-07 13:38:23,Pattern Match: 消息免打扰,消息免打扰
2026-02-07 13:38:23,Pattern Match: ^\[\d+条\]$,[1条]
2026-02-07 13:38:23,Pattern Match: ^\d{1,2}:\d{2}$,13:37
2026-02-07 13:38:23,Pattern Match: 消息免打扰,消息免打扰
2026-02-07 13:38:23,Pattern Match: ^\[\d+条\]$,[1条]
2026-02-07 13:38:23,Pattern Match: ^\d{1,2}:\d{2}$,13:37
2026-02-07 13:38:23,Pattern Match: 消息免打扰,消息免打扰
2026-02-07 13:38:24,Pattern Match: ^\[\d+条\]$,[1条]
2026-02-07 13:38:24,Pattern Match: ^\d{1,2}:\d{2}$,13:37
2026-02-07 13:38:24,Pattern Match: 消息免打扰,消息免打扰
2026-02-07 13:38:24,Pattern Match: ^\[\d+条\]$,[1条]
2026-02-07 13:38:24,Pattern Match: ^\d{1,2}:\d{2}$,13:37
2026-02-07 13:38:24,Pattern Match: 消息免打扰,消息免打扰
2026-02-07 13:38:24,Pattern Match: ^\[\d+条\]$,[1条]
2026-02-07 13:38:24,Pattern Match: ^\d{1,2}:\d{2}$,13:37
2026-02-07 13:38:24,Pattern Match: 消息免打扰,消息免打扰
2026-02-07 13:38:25,Pattern Match: ^\[\d+条\]$,[1条]
2026-02-07 13:38:25,Pattern Match: ^\d{1,2}:\d{2}$,13:37
2026-02-07 13:38:25,Pattern Match: 消息免打扰,消息免打扰
2026-02-07 13:38:25,Pattern Match: ^\[\d+条\]$,[1条]
2026-02-07 13:38:25,Pattern Match: ^\d{1,2}:\d{2}$,13:37
2026-02-07 13:38:25,Pattern Match: 消息免打扰,消息免打扰
2026-02-07 13:38:26,Pattern Match: ^\[\d+条\]$,[1条]
2026-02-07 13:38:26,Pattern Match: ^\d{1,2}:\d{2}$,13:37
2026-02-07 13:38:26,Pattern Match: 消息免打扰,消息免打扰
2026-02-07 13:38:26,Pattern Match: ^\[\d+条\]$,[1条]
2026-02-07 13:38:26,Pattern Match: ^\d{1,2}:\d{2}$,13:37
2026-02-07 13:38:26,Pattern Match: 消息免打扰,消息免打扰
2026-02-07 13:38:26,Pattern Match: ^\[\d+条\]$,[1条]
2026-02-07 13:38:26,Pattern Match: ^\d{1,2}:\d{2}$,13:37
2026-02-07 13:38:26,Pattern Match: 消息免打扰,消息免打扰
2026-02-07 13:38:27,Pattern Match: ^\[\d+条\]$,[1条]
2026-02-07 13:38:27,Pattern Match: ^\d{1,2}:\d{2}$,13:37
2026-02-07 13:38:27,Pattern Match: 消息免打扰,消息免打扰
2026-02-07 13:38:27,Pattern Match: ^\[\d+条\]$,[1条]
2026-02-07 13:38:27,Pattern Match: ^\d{1,2}:\d{2}$,13:37
2026-02-07 13:38:27,Pattern Match: 消息免打扰,消息免打扰
2026-02-07 13:38:28,Pattern Match: ^\[\d+条\]$,[1条]
2026-02-07 13:38:28,Pattern Match: ^\d{1,2}:\d{2}$,13:37
2026-02-07 13:38:28,Pattern Match: 消息免打扰,消息免打扰
2026-02-07 13:38:28,Pattern Match: ^\[\d+条\]$,[1条]
2026-02-07 13:38:28,Pattern Match: ^\d{1,2}:\d{2}$,13:37
2026-02-07 13:38:28,Pattern Match: 消息免打扰,消息免打扰
2026-02-07 13:38:28,Pattern Match: ^\[\d+条\]$,[1条]
2026-02-07 13:38:28,Pattern Match: ^\d{1,2}:\d{2}$,13:37
2026-02-07 13:38:28,Pattern Match: 消息免打扰,消息免打扰
2026-02-07 13:38:29,Pattern Match: ^\[\d+条\]$,[1条]
2026-02-07 13:38:29,Pattern Match: ^\d{1,2}:\d{2}$,13:37
2026-02-07 13:38:29,Pattern Match: 消息免打扰,消息免打扰
2026-02-07 13:38:29,Pattern Match: ^\[\d+条\]$,[1条]
2026-02-07 13:38:29,Pattern Match: ^\d{1,2}:\d{2}$,13:37
2026-02-07 13:38:29,Pattern Match: 消息免打扰,消息免打扰
2026-02-07 13:38:30,Pattern Match: ^\[\d+条\]$,[1条]
2026-02-07 13:38:30,Pattern Match: ^\d{1,2}:\d{2}$,13:37
2026-02-07 13:38:30,Pattern Match: 消息免打扰,消息免打扰
2026-02-07 13:38:30,Pattern Match: ^\[\d+条\]$,[1条]
2026-02-07 13:38:30,Pattern Match: ^\d{1,2}:\d{2}$,13:37
2026-02-07 13:38:30,Pattern Match: 消息免打扰,消息免打扰
2026-02-07 13:38:30,Pattern Match: ^\[\d+条\]$,[1条]
2026-02-07 13:38:30,Pattern Match: ^\d{1,2}:\d{2}$,13:37
2026-02-07 13:38:30,Pattern Match: 消息免打扰,消息免打扰
2026-02-07 13:38:31,Pattern Match: ^\[\d+条\]$,[1条]
2026-02-07 13:38:31,Pattern Match: ^\d{1,2}:\d{2}$,13:37
2026-02-07 13:38:31,Pattern Match: 消息免打扰,消息免打扰
2026-02-07 13:38:31,Pattern Match: ^\[\d+条\]$,[1条]
2026-02-07 13:38:31,Pattern Match: ^\d{1,2}:\d{2}$,13:37
2026-02-07 13:38:31,Pattern Match: 消息免打扰,消息免打扰
2026-02-07 13:38:32,Pattern Match: ^\[\d+条\]$,[1条]
2026-02-07 13:38:32,Pattern Match: ^\d{1,2}:\d{2}$,13:37
2026-02-07 13:38:32,Pattern Match: 消息免打扰,消息免打扰
2026-02-07 13:38:32,Pattern Match: ^\[\d+条\]$,[1条]
2026-02-07 13:38:32,Pattern Match: ^\d{1,2}:\d{2}$,13:37
2026-02-07 13:38:32,Pattern Match: 消息免打扰,消息免打扰
2026-02-07 13:38:32,Pattern Match: ^\[\d+条\]$,[1条]
2026-02-07 13:38:32,Pattern Match: ^\d{1,2}:\d{2}$,13:37
2026-02-07 13:38:32,Pattern Match: 消息免打扰,消息免打扰
2026-02-07 13:38:33,Pattern Match: ^\[\d+条\]$,[1条]
2026-02-07 13:38:33,Pattern Match: ^\d{1,2}:\d{2}$,13:37
2026-02-07 13:38:33,Pattern Match: 消息免打扰,消息免打扰
2026-02-07 13:38:33,Pattern Match: ^\[\d+条\]$,[1条]
2026-02-07 13:38:33,Pattern Match: ^\d{1,2}:\d{2}$,13:37
2026-02-07 13:38:33,Pattern Match: 消息免打扰,消息免打扰
2026-02-07 13:38:34,Pattern Match: ^\[\d+条\]$,[1条]
2026-02-07 13:38:34,Pattern Match: ^\d{1,2}:\d{2}$,13:37
2026-02-07 13:38:34,Pattern Match: 消息免打扰,消息免打扰
2026-02-07 13:38:34,Pattern Match: ^\[\d+条\]$,[1条]
2026-02-07 13:38:34,Pattern Match: ^\d{1,2}:\d{2}$,13:37
2026-02-07 13:38:34,Pattern Match: 消息免打扰,消息免打扰
2026-02-07 13:38:35,Pattern Match: ^\[\d+条\]$,[1条]
2026-02-07 13:38:35,Pattern Match: ^\d{1,2}:\d{2}$,13:37
2026-02-07 13:38:35,Pattern Match: 消息免打扰,消息免打扰
2026-02-07 13:38:35,Pattern Match: ^\[\d+条\]$,[1条]
2026-02-07 13:38:35,Pattern Match: ^\d{1,2}:\d{2}$,13:37
2026-02-07 13:38:35,Pattern Match: 消息免打扰,消息免打扰
2026-02-07 13:38:35,Pattern Match: ^\[\d+条\]$,[1条]
2026-02-07 13:38:35,Pattern Match: ^\d{1,2}:\d{2}$,13:37
2026-02-07 13:38:35,Pattern Match: 消息免打扰,消息免打扰
2026-02-07 13:38:36,Pattern Match: ^\[\d+条\]$,[1条]
2026-02-07 13:38:36,Pattern Match: ^\d{1,2}:\d{2}$,13:37
2026-02-07 13:38:36,Pattern Match: 消息免打扰,消息免打扰
2026-02-07 13:38:36,Pattern Match: ^\[\d+条\]$,[1条]
2026-02-07 13:38:36,Pattern Match: ^\d{1,2}:\d{2}$,13:37
2026-02-07 13:38:36,Pattern Match: 消息免打扰,消息免打扰
2026-02-07 13:38:36,Pattern Match: ^\[\d+条\]$,[1条]
2026-02-07 13:38:37,Pattern Match: ^\d{1,2}:\d{2}$,13:37
2026-02-07 13:38:37,Pattern Match: 消息免打扰,消息免打扰
2026-02-07 13:38:37,Pattern Match: ^\[\d+条\]$,[1条]
2026-02-07 13:38:37,Pattern Match: ^\d{1,2}:\d{2}$,13:37
2026-02-07 13:38:37,Pattern Match: 消息免打扰,消息免打扰
2026-02-07 13:38:37,Pattern Match: ^\[\d+条\]$,[1条]
2026-02-07 13:38:37,Pattern Match: ^\d{1,2}:\d{2}$,13:37
2026-02-07 13:38:37,Pattern Match: 消息免打扰,消息免打扰
2026-02-07 13:38:38,Pattern Match: ^\[\d+条\]$,[1条]
2026-02-07 13:38:38,Pattern Match: ^\d{1,2}:\d{2}$,13:37
2026-02-07 13:38:38,Pattern Match: 消息免打扰,消息免打扰
2026-02-07 13:38:38,Pattern Match: ^\[\d+条\]$,[1条]
2026-02-07 13:38:38,Pattern Match: ^\d{1,2}:\d{2}$,13:37
2026-02-07 13:38:38,Pattern Match: 消息免打扰,消息免打扰
2026-02-07 13:38:39,Pattern Match: ^\[\d+条\]$,[1条]
2026-02-07 13:38:39,Pattern Match: ^\d{1,2}:\d{2}$,13:37
2026-02-07 13:38:39,Pattern Match: 消息免打扰,消息免打扰
2026-02-07 13:38:39,Pattern Match: ^\[\d+条\]$,[1条]
2026-02-07 13:38:39,Pattern Match: ^\d{1,2}:\d{2}$,13:37
2026-02-07 13:38:39,Pattern Match: 消息免打扰,消息免打扰
2026-02-07 13:38:39,Pattern Match: ^\[\d+条\]$,[1条]
2026-02-07 13:38:39,Pattern Match: ^\d{1,2}:\d{2}$,13:37
2026-02-07 13:38:39,Pattern Match: 消息免打扰,消息免打扰
2026-02-07 13:38:40,Pattern Match: ^\[\d+条\]$,[1条]
2026-02-07 13:38:40,Pattern Match: ^\d{1,2}:\d{2}$,13:37
2026-02-07 13:38:40,Pattern Match: 消息免打扰,消息免打扰
2026-02-07 13:38:40,Pattern Match: ^\[\d+条\]$,[1条]
2026-02-07 13:38:40,Pattern Match: ^\d{1,2}:\d{2}$,13:37
2026-02-07 13:38:40,Pattern Match: 消息免打扰,消息免打扰
2026-02-07 13:38:41,Pattern Match: ^\[\d+条\]$,[1条]
2026-02-07 13:38:41,Pattern Match: ^\d{1,2}:\d{2}$,13:37
2026-02-07 13:38:41,Pattern Match: 消息免打扰,消息免打扰
2026-02-07 13:38:41,Pattern Match: ^\[\d+条\]$,[1条]
2026-02-07 13:38:41,Pattern Match: ^\d{1,2}:\d{2}$,13:37
2026-02-07 13:38:41,Pattern Match: 消息免打扰,消息免打扰
2026-02-07 13:38:41,Pattern Match: ^\[\d+条\]$,[1条]
2026-02-07 13:38:41,Pattern Match: ^\d{1,2}:\d{2}$,13:37
2026-02-07 13:38:41,Pattern Match: 消息免打扰,消息免打扰
2026-02-07 13:38:42,Pattern Match: ^\[\d+条\]$,[1条]
2026-02-07 13:38:42,Pattern Match: ^\d{1,2}:\d{2}$,13:37
2026-02-07 13:38:42,Pattern Match: 消息免打扰,消息免打扰
2026-02-07 13:38:42,Pattern Match: ^\[\d+条\]$,[1条]
2026-02-07 13:38:42,Pattern Match: ^\d{1,2}:\d{2}$,13:37
2026-02-07 13:38:42,Pattern Match: 消息免打扰,消息免打扰
2026-02-07 13:38:43,Pattern Match: ^\[\d+条\]$,[1条]
2026-02-07 13:38:43,Pattern Match: ^\d{1,2}:\d{2}$,13:37
2026-02-07 13:38:43,Pattern Match: 消息免打扰,消息免打扰
2026-02-07 13:38:43,Pattern Match: ^\[\d+条\]$,[1条]
2026-02-07 13:38:43,Pattern Match: ^\d{1,2}:\d{2}$,13:37
2026-02-07 13:38:43,Pattern Match: 消息免打扰,消息免打扰
2026-02-07 13:38:44,Pattern Match: ^\[\d+条\]$,[1条]
2026-02-07 13:38:44,Pattern Match: ^\d{1,2}:\d{2}$,13:37
2026-02-07 13:38:44,Pattern Match: 消息免打扰,消息免打扰
2026-02-07 13:38:44,Pattern Match: ^\[\d+条\]$,[1条]
2026-02-07 13:38:44,Pattern Match: ^\d{1,2}:\d{2}$,13:37
2026-02-07 13:38:44,Pattern Match: 消息免打扰,消息免打扰
2026-02-07 13:38:45,Pattern Match: ^\[\d+条\]$,[1条]
2026-02-07 13:38:45,Pattern Match: ^\d{1,2}:\d{2}$,13:37
2026-02-07 13:38:45,Pattern Match: 消息免打扰,消息免打扰
2026-02-07 13:38:45,Pattern Match: ^\[\d+条\]$,[1条]
2026-02-07 13:38:45,Pattern Match: ^\d{1,2}:\d{2}$,13:37
2026-02-07 13:38:45,Pattern Match: 消息免打扰,消息免打扰
2026-02-07 13:38:45,Pattern Match: ^\[\d+条\]$,[1条]
2026-02-07 13:38:45,Pattern Match: ^\d{1,2}:\d{2}$,13:37
2026-02-07 13:38:45,Pattern Match: 消息免打扰,消息免打扰
2026-02-07 13:38:46,Pattern Match: ^\[\d+条\]$,[1条]
2026-02-07 13:38:46,Pattern Match: ^\d{1,2}:\d{2}$,13:37
2026-02-07 13:38:46,Pattern Match: 消息免打扰,消息免打扰
2026-02-07 13:38:46,Pattern Match: ^\[\d+条\]$,[1条]
2026-02-07 13:38:46,Pattern Match: ^\d{1,2}:\d{2}$,13:37
2026-02-07 13:38:46,Pattern Match: 消息免打扰,消息免打扰
2026-02-07 13:38:47,Pattern Match: ^\[\d+条\]$,[1条]
2026-02-07 13:38:47,Pattern Match: ^\d{1,2}:\d{2}$,13:37
2026-02-07 13:38:47,Pattern Match: 消息免打扰,消息免打扰
2026-02-07 13:38:47,Pattern Match: ^\[\d+条\]$,[1条]
2026-02-07 13:38:47,Pattern Match: ^\d{1,2}:\d{2}$,13:37
2026-02-07 13:38:47,Pattern Match: 消息免打扰,消息免打扰
2026-02-07 13:38:47,Pattern Match: ^\[\d+条\]$,[1条]
2026-02-07 13:38:47,Pattern Match: ^\d{1,2}:\d{2}$,13:37
2026-02-07 13:38:47,Pattern Match: 消息免打扰,消息免打扰
2026-02-07 13:38:48,Pattern Match: ^\[\d+条\]$,[1条]
2026-02-07 13:38:48,Pattern Match: ^\d{1,2}:\d{2}$,13:37
2026-02-07 13:38:48,Pattern Match: 消息免打扰,消息免打扰
2026-02-07 13:38:48,Pattern Match: ^\[\d+条\]$,[1条]
2026-02-07 13:38:48,Pattern Match: ^\d{1,2}:\d{2}$,13:37
2026-02-07 13:38:48,Pattern Match: 消息免打扰,消息免打扰
2026-02-07 13:38:48,Pattern Match: ^\[\d+条\]$,[1条]
2026-02-07 13:38:48,Pattern Match: ^\d{1,2}:\d{2}$,13:37
2026-02-07 13:38:48,Pattern Match: 消息免打扰,消息免打扰
2026-02-07 13:38:49,Pattern Match: ^\[\d+条\]$,[1条]
2026-02-07 13:38:49,Pattern Match: ^\d{1,2}:\d{2}$,13:37
2026-02-07 13:38:49,Pattern Match: 消息免打扰,消息免打扰
2026-02-07 13:38:49,Pattern Match: ^\[\d+条\]$,[1条]
2026-02-07 13:38:49,Pattern Match: ^\d{1,2}:\d{2}$,13:37
2026-02-07 13:38:49,Pattern Match: 消息免打扰,消息免打扰
2026-02-07 13:38:50,Pattern Match: ^\[\d+条\]$,[1条]
2026-02-07 13:38:50,Pattern Match: ^\d{1,2}:\d{2}$,13:37
2026-02-07 13:38:50,Pattern Match: 消息免打扰,消息免打扰
2026-02-07 13:38:50,Pattern Match: ^\[\d+条\]$,[1条]
2026-02-07 13:38:50,Pattern Match: ^\d{1,2}:\d{2}$,13:37
2026-02-07 13:38:50,Pattern Match: 消息免打扰,消息免打扰
2026-02-07 13:38:50,Pattern Match: ^\[\d+条\]$,[1条]
2026-02-07 13:38:50,Pattern Match: ^\d{1,2}:\d{2}$,13:37
2026-02-07 13:38:50,Pattern Match: 消息免打扰,消息免打扰
2026-02-07 13:38:51,Pattern Match: ^\[\d+条\]$,[1条]
2026-02-07 13:38:51,Pattern Match: ^\d{1,2}:\d{2}$,13:37
2026-02-07 13:38:51,Pattern Match: 消息免打扰,消息免打扰
2026-02-07 13:38:51,Pattern Match: ^\[\d+条\]$,[1条]
2026-02-07 13:38:51,Pattern Match: ^\d{1,2}:\d{2}$,13:37
2026-02-07 13:38:51,Pattern Match: 消息免打扰,消息免打扰
2026-02-07 13:38:52,Pattern Match: ^\[\d+条\]$,[1条]
2026-02-07 13:38:52,Pattern Match: ^\d{1,2}:\d{2}$,13:37
2026-02-07 13:38:52,Pattern Match: 消息免打扰,消息免打扰
2026-02-07 13:38:52,Pattern Match: ^\[\d+条\]$,[1条]
2026-02-07 13:38:52,Pattern Match: ^\d{1,2}:\d{2}$,13:37
2026-02-07 13:38:52,Pattern Match: 消息免打扰,消息免打扰
2026-02-07 13:38:52,Pattern Match: ^\[\d+条\]$,[1条]
2026-02-07 13:38:52,Pattern Match: ^\d{1,2}:\d{2}$,13:37
2026-02-07 13:38:52,Pattern Match: 消息免打扰,消息免打扰
2026-02-07 13:38:53,Pattern Match: ^\[\d+条\]$,[1条]
2026-02-07 13:38:53,Pattern Match: ^\d{1,2}:\d{2}$,13:37
2026-02-07 13:38:53,Pattern Match: 消息免打扰,消息免打扰
2026-02-07 13:38:53,Pattern Match: ^\[\d+条\]$,[1条]
2026-02-07 13:38:53,Pattern Match: ^\d{1,2}:\d{2}$,13:37
2026-02-07 13:38:53,Pattern Match: 消息免打扰,消息免打扰
2026-02-07 13:38:54,Pattern Match: ^\[\d+条\]$,[1条]
2026-02-07 13:38:54,Pattern Match: ^\d{1,2}:\d{2}$,13:37
2026-02-07 13:38:54,Pattern Match: 消息免打扰,消息免打扰
2026-02-07 13:38:54,Pattern Match: ^\[\d+条\]$,[1条]
2026-02-07 13:38:54,Pattern Match: ^\d{1,2}:\d{2}$,13:37
2026-02-07 13:38:54,Pattern Match: 消息免打扰,消息免打扰
2026-02-07 13:38:54,Pattern Match: ^\[\d+条\]$,[1条]
2026-02-07 13:38:54,Pattern Match: ^\d{1,2}:\d{2}$,13:37
2026-02-07 13:38:55,Pattern Match: 消息免打扰,消息免打扰
2026-02-07 13:38:55,Pattern Match: ^\[\d+条\]$,[1条]
2026-02-07 13:38:55,Pattern Match: ^\d{1,2}:\d{2}$,13:37
2026-02-07 13:38:55,Pattern Match: 消息免打扰,消息免打扰
2026-02-07 13:38:55,Pattern Match: ^\[\d+条\]$,[1条]
2026-02-07 13:38:55,Pattern Match: ^\d{1,2}:\d{2}$,13:37
2026-02-07 13:38:55,Pattern Match: 消息免打扰,消息免打扰
2026-02-07 13:38:56,Pattern Match: ^\[\d+条\]$,[1条]
2026-02-07 13:38:56,Pattern Match: ^\d{1,2}:\d{2}$,13:37
2026-02-07 13:38:56,Pattern Match: 消息免打扰,消息免打扰
2026-02-07 13:38:56,Pattern Match: ^\[\d+条\]$,[1条]
2026-02-07 13:38:56,Pattern Match: ^\d{1,2}:\d{2}$,13:37
2026-02-07 13:38:56,Pattern Match: 消息免打扰,消息免打扰
2026-02-07 13:38:57,Pattern Match: ^\[\d+条\]$,[1条]
2026-02-07 13:38:57,Pattern Match: ^\d{1,2}:\d{2}$,13:37
2026-02-07 13:38:57,Pattern Match: 消息免打扰,消息免打扰
2026-02-07 13:38:57,Pattern Match: ^\[\d+条\]$,[1条]
2026-02-07 13:38:57,Pattern Match: ^\d{1,2}:\d{2}$,13:37
2026-02-07 13:38:57,Pattern Match: 消息免打扰,消息免打扰
2026-02-07 13:38:57,Pattern Match: ^\[\d+条\]$,[1条]
2026-02-07 13:38:57,Pattern Match: ^\d{1,2}:\d{2}$,13:37
2026-02-07 13:38:57,Pattern Match: 消息免打扰,消息免打扰
2026-02-07 13:38:58,Pattern Match: ^\[\d+条\]$,[1条]
2026-02-07 13:38:58,Pattern Match: ^\d{1,2}:\d{2}$,13:37
2026-02-07 13:38:58,Pattern Match: 消息免打扰,消息免打扰
2026-02-07 13:38:58,Pattern Match: ^\[\d+条\]$,[1条]
2026-02-07 13:38:58,Pattern Match: ^\d{1,2}:\d{2}$,13:37
2026-02-07 13:38:58,Pattern Match: 消息免打扰,消息免打扰
2026-02-07 13:38:59,Pattern Match: ^\[\d+条\]$,[1条]
2026-02-07 13:38:59,Pattern Match: ^\d{1,2}:\d{2}$,13:37
2026-02-07 13:38:59,Pattern Match: 消息免打扰,消息免打扰
2026-02-07 13:38:59,Pattern Match: ^\[\d+条\]$,[1条]
2026-02-07 13:38:59,Pattern Match: ^\d{1,2}:\d{2}$,13:37
2026-02-07 13:38:59,Pattern Match: 消息免打扰,消息免打扰
2026-02-07 13:38:59,Pattern Match: ^\[\d+条\]$,[1条]
2026-02-07 13:38:59,Pattern Match: ^\d{1,2}:\d{2}$,13:37
2026-02-07 13:38:59,Pattern Match: 消息免打扰,消息免打扰
2026-02-07 13:39:00,Pattern Match: ^\[\d+条\]$,[1条]
2026-02-07 13:39:00,Pattern Match: ^\d{1,2}:\d{2}$,13:37
2026-02-07 13:39:00,Pattern Match: 消息免打扰,消息免打扰
2026-02-07 13:39:00,Pattern Match: ^\[\d+条\]$,[1条]
2026-02-07 13:39:00,Pattern Match: ^\d{1,2}:\d{2}$,13:37
2026-02-07 13:39:00,Pattern Match: 消息免打扰,消息免打扰
2026-02-07 13:39:01,Pattern Match: ^\[\d+条\]$,[1条]
2026-02-07 13:39:01,Pattern Match: ^\d{1,2}:\d{2}$,13:37
2026-02-07 13:39:01,Pattern Match: 消息免打扰,消息免打扰
2026-02-07 13:39:01,Pattern Match: ^\[\d+条\]$,[1条]
2026-02-07 13:39:01,Pattern Match: ^\d{1,2}:\d{2}$,13:37
2026-02-07 13:39:01,Pattern Match: 消息免打扰,消息免打扰
2026-02-07 13:39:01,Pattern Match: ^\[\d+条\]$,[1条]
2026-02-07 13:39:01,Pattern Match: ^\d{1,2}:\d{2}$,13:37
2026-02-07 13:39:01,Pattern Match: 消息免打扰,消息免打扰
2026-02-07 13:39:02,Pattern Match: ^\[\d+条\]$,[1条]
2026-02-07 13:39:02,Pattern Match: ^\d{1,2}:\d{2}$,13:37
2026-02-07 13:39:02,Pattern Match: 消息免打扰,消息免打扰
2026-02-07 13:39:02,Pattern Match: ^\[\d+条\]$,[1条]
2026-02-07 13:39:02,Pattern Match: ^\d{1,2}:\d{2}$,13:37
2026-02-07 13:39:02,Pattern Match: 消息免打扰,消息免打扰
2026-02-07 13:39:03,Pattern Match: ^\[\d+条\]$,[1条]
2026-02-07 13:39:03,Pattern Match: ^\d{1,2}:\d{2}$,13:37
2026-02-07 13:39:03,Pattern Match: 消息免打扰,消息免打扰
2026-02-07 13:39:03,Pattern Match: ^\[\d+条\]$,[1条]
2026-02-07 13:39:03,Pattern Match: ^\d{1,2}:\d{2}$,13:37
2026-02-07 13:39:03,Pattern Match: 消息免打扰,消息免打扰
2026-02-07 13:39:03,Pattern Match: ^\[\d+条\]$,[1条]
2026-02-07 13:39:03,Pattern Match: ^\d{1,2}:\d{2}$,13:37
2026-02-07 13:39:03,Pattern Match: 消息免打扰,消息免打扰
2026-02-07 13:39:04,Pattern Match: ^\[\d+条\]$,[1条]
2026-02-07 13:39:04,Pattern Match: ^\d{1,2}:\d{2}$,13:37
2026-02-07 13:39:04,Pattern Match: 消息免打扰,消息免打扰
2026-02-07 13:39:04,Pattern Match: ^\[\d+条\]$,[1条]
2026-02-07 13:39:04,Pattern Match: ^\d{1,2}:\d{2}$,13:37
2026-02-07 13:39:04,Pattern Match: 消息免打扰,消息免打扰
2026-02-07 13:39:04,Pattern Match: ^\[\d+条\]$,[1条]
2026-02-07 13:39:04,Pattern Match: ^\d{1,2}:\d{2}$,13:37
2026-02-07 13:39:04,Pattern Match: 消息免打扰,消息免打扰
2026-02-07 13:39:05,Pattern Match: ^\[\d+条\]$,[1条]
2026-02-07 13:39:05,Pattern Match: ^\d{1,2}:\d{2}$,13:37
2026-02-07 13:39:05,Pattern Match: 消息免打扰,消息免打扰
2026-02-07 13:39:05,Pattern Match: ^\[\d+条\]$,[1条]
2026-02-07 13:39:05,Pattern Match: ^\d{1,2}:\d{2}$,13:37
2026-02-07 13:39:05,Pattern Match: 消息免打扰,消息免打扰
2026-02-07 13:39:06,Pattern Match: ^\[\d+条\]$,[1条]
2026-02-07 13:39:06,Pattern Match: ^\d{1,2}:\d{2}$,13:37
2026-02-07 13:39:06,Pattern Match: 消息免打扰,消息免打扰
2026-02-07 13:39:06,Pattern Match: ^\[\d+条\]$,[1条]
2026-02-07 13:39:06,Pattern Match: ^\d{1,2}:\d{2}$,13:37
2026-02-07 13:39:06,Pattern Match: 消息免打扰,消息免打扰
2026-02-07 13:39:06,Pattern Match: ^\[\d+条\]$,[1条]
2026-02-07 13:39:06,Pattern Match: ^\d{1,2}:\d{2}$,13:37
2026-02-07 13:39:06,Pattern Match: 消息免打扰,消息免打扰
2026-02-07 13:39:07,Pattern Match: ^\[\d+条\]$,[1条]
2026-02-07 13:39:07,Pattern Match: ^\d{1,2}:\d{2}$,13:37
2026-02-07 13:39:07,Pattern Match: 消息免打扰,消息免打扰
2026-02-07 13:39:07,Pattern Match: ^\[\d+条\]$,[1条]
2026-02-07 13:39:07,Pattern Match: ^\d{1,2}:\d{2}$,13:37
2026-02-07 13:39:07,Pattern Match: 消息免打扰,消息免打扰
2026-02-07 13:39:08,Pattern Match: ^\[\d+条\]$,[1条]
2026-02-07 13:39:08,Pattern Match: ^\d{1,2}:\d{2}$,13:37
2026-02-07 13:39:08,Pattern Match: 消息免打扰,消息免打扰
2026-02-07 13:39:08,Pattern Match: ^\[\d+条\]$,[1条]
2026-02-07 13:39:08,Pattern Match: ^\d{1,2}:\d{2}$,13:37
2026-02-07 13:39:08,Pattern Match: 消息免打扰,消息免打扰
2026-02-07 13:39:09,Pattern Match: ^\[\d+条\]$,[1条]
2026-02-07 13:39:09,Pattern Match: ^\d{1,2}:\d{2}$,13:37
2026-02-07 13:39:09,Pattern Match: 消息免打扰,消息免打扰
2026-02-07 13:39:09,Pattern Match: ^\[\d+条\]$,[1条]
2026-02-07 13:39:09,Pattern Match: ^\d{1,2}:\d{2}$,13:37
2026-02-07 13:39:09,Pattern Match: 消息免打扰,消息免打扰
2026-02-07 13:39:14,Pattern Match: ^\[\d+条\]$,[1条]
2026-02-07 13:39:14,Pattern Match: ^\d{1,2}:\d{2}$,13:37
2026-02-07 13:39:14,Pattern Match: 消息免打扰,消息免打扰
2026-02-07 13:39:15,Pattern Match: ^\[\d+条\]$,[1条]
2026-02-07 13:39:15,Pattern Match: ^\d{1,2}:\d{2}$,13:37
2026-02-07 13:39:15,Pattern Match: 消息免打扰,消息免打扰
2026-02-07 13:39:15,Pattern Match: ^\[\d+条\]$,[1条]
2026-02-07 13:39:15,Pattern Match: ^\d{1,2}:\d{2}$,13:37
2026-02-07 13:39:15,Pattern Match: 消息免打扰,消息免打扰
2026-02-07 13:39:15,Pattern Match: ^\[\d+条\]$,[1条]
2026-02-07 13:39:15,Pattern Match: ^\d{1,2}:\d{2}$,13:37
2026-02-07 13:39:15,Pattern Match: 消息免打扰,消息免打扰
2026-02-07 13:39:16,Pattern Match: ^\[\d+条\]$,[1条]
2026-02-07 13:39:16,Pattern Match: ^\d{1,2}:\d{2}$,13:37
2026-02-07 13:39:16,Pattern Match: 消息免打扰,消息免打扰
2026-02-07 13:39:16,Pattern Match: ^\[\d+条\]$,[1条]
2026-02-07 13:39:16,Pattern Match: ^\d{1,2}:\d{2}$,13:37
2026-02-07 13:39:16,Pattern Match: 消息免打扰,消息免打扰
2026-02-07 13:39:17,Pattern Match: ^\[\d+条\]$,[1条]
2026-02-07 13:39:17,Pattern Match: ^\d{1,2}:\d{2}$,13:37
2026-02-07 13:39:17,Pattern Match: 消息免打扰,消息免打扰
2026-02-07 13:39:17,Pattern Match: ^\[\d+条\]$,[1条]
2026-02-07 13:39:17,Pattern Match: ^\d{1,2}:\d{2}$,13:37
2026-02-07 13:39:17,Pattern Match: 消息免打扰,消息免打扰
2026-02-07 13:39:17,Pattern Match: ^\[\d+条\]$,[1条]
2026-02-07 13:39:17,Pattern Match: ^\d{1,2}:\d{2}$,13:37
2026-02-07 13:39:17,Pattern Match: 消息免打扰,消息免打扰
2026-02-07 13:39:18,Pattern Match: ^\[\d+条\]$,[1条]
2026-02-07 13:39:18,Pattern Match: ^\d{1,2}:\d{2}$,13:37
2026-02-07 13:39:18,Pattern Match: 消息免打扰,消息免打扰
2026-02-07 13:39:18,Pattern Match: ^\[\d+条\]$,[1条]
2026-02-07 13:39:18,Pattern Match: ^\d{1,2}:\d{2}$,13:37
2026-02-07 13:39:18,Pattern Match: 消息免打扰,消息免打扰
2026-02-07 13:39:18,Pattern Match: ^\[\d+条\]$,[1条]
2026-02-07 13:39:18,Pattern Match: ^\d{1,2}:\d{2}$,13:37
2026-02-07 13:39:18,Pattern Match: 消息免打扰,消息免打扰
2026-02-07 13:39:19,Pattern Match: ^\[\d+条\]$,[1条]
2026-02-07 13:39:19,Pattern Match: ^\d{1,2}:\d{2}$,13:37
2026-02-07 13:39:19,Pattern Match: 消息免打扰,消息免打扰
2026-02-07 13:39:19,Pattern Match: ^\[\d+条\]$,[1条]
2026-02-07 13:39:19,Pattern Match: ^\d{1,2}:\d{2}$,13:37
2026-02-07 13:39:19,Pattern Match: 消息免打扰,消息免打扰
2026-02-07 13:39:19,Pattern Match: ^\[\d+条\]$,[1条]
2026-02-07 13:39:19,Pattern Match: ^\d{1,2}:\d{2}$,13:37
2026-02-07 13:39:19,Pattern Match: 消息免打扰,消息免打扰
2026-02-07 13:39:20,Pattern Match: ^\[\d+条\]$,[1条]
2026-02-07 13:39:20,Pattern Match: ^\d{1,2}:\d{2}$,13:37
2026-02-07 13:39:20,Pattern Match: 消息免打扰,消息免打扰
2026-02-07 13:39:20,Pattern Match: ^\[\d+条\]$,[1条]
2026-02-07 13:39:20,Pattern Match: ^\d{1,2}:\d{2}$,13:37
2026-02-07 13:39:20,Pattern Match: 消息免打扰,消息免打扰
2026-02-07 13:39:20,Pattern Match: ^\[\d+条\]$,[1条]
2026-02-07 13:39:20,Pattern Match: ^\d{1,2}:\d{2}$,13:37
2026-02-07 13:39:20,Pattern Match: 消息免打扰,消息免打扰
2026-02-07 13:39:21,Pattern Match: ^\[\d+条\]$,[1条]
2026-02-07 13:39:21,Pattern Match: ^\d{1,2}:\d{2}$,13:37
2026-02-07 13:39:21,Pattern Match: 消息免打扰,消息免打扰
2026-02-07 13:39:21,Pattern Match: ^\[\d+条\]$,[1条]
2026-02-07 13:39:21,Pattern Match: ^\d{1,2}:\d{2}$,13:37
2026-02-07 13:39:21,Pattern Match: 消息免打扰,消息免打扰
2026-02-07 13:39:21,Pattern Match: ^\[\d+条\]$,[1条]
2026-02-07 13:39:21,Pattern Match: ^\d{1,2}:\d{2}$,13:37
2026-02-07 13:39:21,Pattern Match: 消息免打扰,消息免打扰
2026-02-07 13:39:22,Pattern Match: ^\[\d+条\]$,[1条]
2026-02-07 13:39:22,Pattern Match: ^\d{1,2}:\d{2}$,13:37
2026-02-07 13:39:22,Pattern Match: 消息免打扰,消息免打扰
2026-02-07 13:39:22,Pattern Match: ^\[\d+条\]$,[1条]
2026-02-07 13:39:22,Pattern Match: ^\d{1,2}:\d{2}$,13:37
2026-02-07 13:39:22,Pattern Match: 消息免打扰,消息免打扰
2026-02-07 13:39:22,Pattern Match: ^\[\d+条\]$,[1条]
2026-02-07 13:39:22,Pattern Match: ^\d{1,2}:\d{2}$,13:37
2026-02-07 13:39:22,Pattern Match: 消息免打扰,消息免打扰
2026-02-07 13:39:23,Pattern Match: ^\[\d+条\]$,[1条]
2026-02-07 13:39:23,Pattern Match: ^\d{1,2}:\d{2}$,13:37
2026-02-07 13:39:23,Pattern Match: 消息免打扰,消息免打扰
2026-02-07 13:39:23,Pattern Match: ^\[\d+条\]$,[1条]
2026-02-07 13:39:23,Pattern Match: ^\d{1,2}:\d{2}$,13:37
2026-02-07 13:39:23,Pattern Match: 消息免打扰,消息免打扰
2026-02-07 13:39:23,Pattern Match: ^\[\d+条\]$,[1条]
2026-02-07 13:39:23,Pattern Match: ^\d{1,2}:\d{2}$,13:37
2026-02-07 13:39:23,Pattern Match: 消息免打扰,消息免打扰
2026-02-07 13:39:24,Pattern Match: ^\[\d+条\]$,[1条]
2026-02-07 13:39:24,Pattern Match: ^\d{1,2}:\d{2}$,13:39
2026-02-07 13:39:24,Pattern Match: ^\[\d+条\]$,[1条]
2026-02-07 13:39:24,Pattern Match: ^\d{1,2}:\d{2}$,13:37
2026-02-07 13:39:24,Pattern Match: 消息免打扰,消息免打扰
2026-02-07 13:39:24,Pattern Match: ^\[\d+条\]$,[1条]
2026-02-07 13:39:24,Pattern Match: ^\d{1,2}:\d{2}$,13:39
2026-02-07 13:39:24,Pattern Match: ^\[\d+条\]$,[1条]
2026-02-07 13:39:24,Pattern Match: ^\d{1,2}:\d{2}$,13:37
2026-02-07 13:39:24,Pattern Match: 消息免打扰,消息免打扰
2026-02-07 13:39:24,Pattern Match: ^\[\d+条\]$,[1条]
2026-02-07 13:39:24,Pattern Match: ^\d{1,2}:\d{2}$,13:39
2026-02-07 13:39:24,Pattern Match: ^\[\d+条\]$,[1条]
2026-02-07 13:39:24,Pattern Match: ^\d{1,2}:\d{2}$,13:37
2026-02-07 13:39:24,Pattern Match: 消息免打扰,消息免打扰
2026-02-07 13:39:25,Pattern Match: ^\[\d+条\]$,[1条]
2026-02-07 13:39:25,Pattern Match: ^\d{1,2}:\d{2}$,13:39
2026-02-07 13:39:25,Pattern Match: ^\[\d+条\]$,[1条]
2026-02-07 13:39:25,Pattern Match: ^\d{1,2}:\d{2}$,13:37
2026-02-07 13:39:25,Pattern Match: 消息免打扰,消息免打扰
2026-02-07 13:39:25,Pattern Match: ^\[\d+条\]$,[1条]
2026-02-07 13:39:25,Pattern Match: ^\d{1,2}:\d{2}$,13:39
2026-02-07 13:39:25,Pattern Match: ^\[\d+条\]$,[1条]
2026-02-07 13:39:25,Pattern Match: ^\d{1,2}:\d{2}$,13:37
2026-02-07 13:39:25,Pattern Match: 消息免打扰,消息免打扰
2026-02-07 13:39:25,Pattern Match: ^\[\d+条\]$,[1条]
2026-02-07 13:39:25,Pattern Match: ^\d{1,2}:\d{2}$,13:39
2026-02-07 13:39:25,Pattern Match: ^\[\d+条\]$,[1条]
2026-02-07 13:39:25,Pattern Match: ^\d{1,2}:\d{2}$,13:37
2026-02-07 13:39:25,Pattern Match: 消息免打扰,消息免打扰
2026-02-07 13:39:26,Pattern Match: ^\[\d+条\]$,[1条]
2026-02-07 13:39:26,Pattern Match: ^\d{1,2}:\d{2}$,13:39
2026-02-07 13:39:26,Pattern Match: ^\[\d+条\]$,[1条]
2026-02-07 13:39:26,Pattern Match: ^\d{1,2}:\d{2}$,13:37
2026-02-07 13:39:26,Pattern Match: 消息免打扰,消息免打扰
2026-02-07 13:39:26,Pattern Match: ^\[\d+条\]$,[1条]
2026-02-07 13:39:26,Pattern Match: ^\d{1,2}:\d{2}$,13:39
2026-02-07 13:39:26,Pattern Match: ^\[\d+条\]$,[1条]
2026-02-07 13:39:26,Pattern Match: ^\d{1,2}:\d{2}$,13:37
2026-02-07 13:39:26,Pattern Match: 消息免打扰,消息免打扰
2026-02-07 13:39:26,Pattern Match: ^\[\d+条\]$,[1条]
2026-02-07 13:39:26,Pattern Match: ^\d{1,2}:\d{2}$,13:39
2026-02-07 13:39:26,Pattern Match: ^\[\d+条\]$,[1条]
2026-02-07 13:39:26,Pattern Match: ^\d{1,2}:\d{2}$,13:37
2026-02-07 13:39:26,Pattern Match: 消息免打扰,消息免打扰
2026-02-07 13:39:27,Pattern Match: ^\[\d+条\]$,[1条]
2026-02-07 13:39:27,Pattern Match: ^\d{1,2}:\d{2}$,13:39
2026-02-07 13:39:27,Pattern Match: ^\[\d+条\]$,[1条]
2026-02-07 13:39:27,Pattern Match: ^\d{1,2}:\d{2}$,13:37
2026-02-07 13:39:27,Pattern Match: 消息免打扰,消息免打扰
2026-02-07 13:39:27,Pattern Match: ^\[\d+条\]$,[1条]
2026-02-07 13:39:27,Pattern Match: ^\d{1,2}:\d{2}$,13:39
2026-02-07 13:39:27,Pattern Match: ^\[\d+条\]$,[1条]
2026-02-07 13:39:27,Pattern Match: ^\d{1,2}:\d{2}$,13:37
2026-02-07 13:39:27,Pattern Match: 消息免打扰,消息免打扰
2026-02-07 13:39:27,Pattern Match: ^\[\d+条\]$,[1条]
2026-02-07 13:39:27,Pattern Match: ^\d{1,2}:\d{2}$,13:39
2026-02-07 13:39:28,Pattern Match: ^\[\d+条\]$,[1条]
2026-02-07 13:39:28,Pattern Match: ^\d{1,2}:\d{2}$,13:37
2026-02-07 13:39:28,Pattern Match: 消息免打扰,消息免打扰
2026-02-07 13:39:28,Pattern Match: ^\[\d+条\]$,[1条]
2026-02-07 13:39:28,Pattern Match: ^\d{1,2}:\d{2}$,13:39
2026-02-07 13:39:28,Pattern Match: ^\[\d+条\]$,[1条]
2026-02-07 13:39:28,Pattern Match: ^\d{1,2}:\d{2}$,13:37
2026-02-07 13:39:28,Pattern Match: 消息免打扰,消息免打扰
2026-02-07 13:39:28,Pattern Match: ^\[\d+条\]$,[1条]
2026-02-07 13:39:28,Pattern Match: ^\d{1,2}:\d{2}$,13:39
2026-02-07 13:39:28,Pattern Match: ^\[\d+条\]$,[1条]
2026-02-07 13:39:28,Pattern Match: ^\d{1,2}:\d{2}$,13:37
2026-02-07 13:39:28,Pattern Match: 消息免打扰,消息免打扰
2026-02-07 13:39:29,Pattern Match: ^\[\d+条\]$,[1条]
2026-02-07 13:39:29,Pattern Match: ^\d{1,2}:\d{2}$,13:39
2026-02-07 13:39:29,Pattern Match: ^\[\d+条\]$,[1条]
2026-02-07 13:39:29,Pattern Match: ^\d{1,2}:\d{2}$,13:37
2026-02-07 13:39:29,Pattern Match: 消息免打扰,消息免打扰
2026-02-07 13:39:29,Pattern Match: ^\[\d+条\]$,[1条]
2026-02-07 13:39:29,Pattern Match: ^\d{1,2}:\d{2}$,13:39
2026-02-07 13:39:29,Pattern Match: ^\[\d+条\]$,[1条]
2026-02-07 13:39:29,Pattern Match: ^\d{1,2}:\d{2}$,13:37
2026-02-07 13:39:29,Pattern Match: 消息免打扰,消息免打扰
2026-02-07 13:39:29,Pattern Match: ^\[\d+条\]$,[2条]
2026-02-07 13:39:29,Pattern Match: ^\d{1,2}:\d{2}$,13:39
2026-02-07 13:39:29,Pattern Match: ^\[\d+条\]$,[1条]
2026-02-07 13:39:29,Pattern Match: ^\d{1,2}:\d{2}$,13:37
2026-02-07 13:39:29,Pattern Match: 消息免打扰,消息免打扰
2026-02-07 13:39:30,Pattern Match: ^\[\d+条\]$,[2条]
2026-02-07 13:39:30,Pattern Match: ^\d{1,2}:\d{2}$,13:39
2026-02-07 13:39:30,Pattern Match: ^\[\d+条\]$,[1条]
2026-02-07 13:39:30,Pattern Match: ^\d{1,2}:\d{2}$,13:37
2026-02-07 13:39:30,Pattern Match: 消息免打扰,消息免打扰
2026-02-07 13:39:30,Pattern Match: ^\[\d+条\]$,[2条]
2026-02-07 13:39:30,Pattern Match: ^\d{1,2}:\d{2}$,13:39
2026-02-07 13:39:30,Pattern Match: ^\[\d+条\]$,[1条]
2026-02-07 13:39:30,Pattern Match: ^\d{1,2}:\d{2}$,13:37
2026-02-07 13:39:30,Pattern Match: 消息免打扰,消息免打扰
2026-02-07 13:39:30,Pattern Match: ^\[\d+条\]$,[2条]
2026-02-07 13:39:30,Pattern Match: ^\d{1,2}:\d{2}$,13:39
2026-02-07 13:39:30,Pattern Match: ^\[\d+条\]$,[1条]
2026-02-07 13:39:30,Pattern Match: ^\d{1,2}:\d{2}$,13:37
2026-02-07 13:39:30,Pattern Match: 消息免打扰,消息免打扰
2026-02-07 13:39:31,Pattern Match: ^\[\d+条\]$,[2条]
2026-02-07 13:39:31,Pattern Match: ^\d{1,2}:\d{2}$,13:39
2026-02-07 13:39:31,Pattern Match: ^\[\d+条\]$,[1条]
2026-02-07 13:39:31,Pattern Match: ^\d{1,2}:\d{2}$,13:37
2026-02-07 13:39:31,Pattern Match: 消息免打扰,消息免打扰
2026-02-07 13:39:31,Pattern Match: ^\[\d+条\]$,[2条]
2026-02-07 13:39:31,Pattern Match: ^\d{1,2}:\d{2}$,13:39
2026-02-07 13:39:31,Pattern Match: ^\[\d+条\]$,[1条]
2026-02-07 13:39:31,Pattern Match: ^\d{1,2}:\d{2}$,13:37
2026-02-07 13:39:31,Pattern Match: 消息免打扰,消息免打扰
2026-02-07 13:39:31,Pattern Match: ^\[\d+条\]$,[2条]
2026-02-07 13:39:31,Pattern Match: ^\d{1,2}:\d{2}$,13:39
2026-02-07 13:39:31,Pattern Match: ^\[\d+条\]$,[1条]
2026-02-07 13:39:31,Pattern Match: ^\d{1,2}:\d{2}$,13:37
2026-02-07 13:39:31,Pattern Match: 消息免打扰,消息免打扰
2026-02-07 13:39:32,Pattern Match: ^\[\d+条\]$,[2条]
2026-02-07 13:39:32,Pattern Match: ^\d{1,2}:\d{2}$,13:39
2026-02-07 13:39:32,Pattern Match: ^\[\d+条\]$,[1条]
2026-02-07 13:39:32,Pattern Match: ^\d{1,2}:\d{2}$,13:37
2026-02-07 13:39:32,Pattern Match: 消息免打扰,消息免打扰
2026-02-07 13:39:32,Pattern Match: ^\[\d+条\]$,[2条]
2026-02-07 13:39:32,Pattern Match: ^\d{1,2}:\d{2}$,13:39
2026-02-07 13:39:32,Pattern Match: ^\[\d+条\]$,[1条]
2026-02-07 13:39:32,Pattern Match: ^\d{1,2}:\d{2}$,13:37
2026-02-07 13:39:32,Pattern Match: 消息免打扰,消息免打扰
2026-02-07 13:39:32,Pattern Match: ^\[\d+条\]$,[2条]
2026-02-07 13:39:32,Pattern Match: ^\d{1,2}:\d{2}$,13:39
2026-02-07 13:39:32,Pattern Match: ^\[\d+条\]$,[1条]
2026-02-07 13:39:32,Pattern Match: ^\d{1,2}:\d{2}$,13:37
2026-02-07 13:39:32,Pattern Match: 消息免打扰,消息免打扰
2026-02-07 13:39:33,Pattern Match: ^\[\d+条\]$,[2条]
2026-02-07 13:39:33,Pattern Match: ^\d{1,2}:\d{2}$,13:39
2026-02-07 13:39:33,Pattern Match: ^\[\d+条\]$,[1条]
2026-02-07 13:39:33,Pattern Match: ^\d{1,2}:\d{2}$,13:37
2026-02-07 13:39:33,Pattern Match: 消息免打扰,消息免打扰
2026-02-07 13:39:33,Pattern Match: ^\[\d+条\]$,[2条]
2026-02-07 13:39:33,Pattern Match: ^\d{1,2}:\d{2}$,13:39
2026-02-07 13:39:33,Pattern Match: ^\[\d+条\]$,[1条]
2026-02-07 13:39:33,Pattern Match: ^\d{1,2}:\d{2}$,13:37
2026-02-07 13:39:33,Pattern Match: 消息免打扰,消息免打扰
2026-02-07 13:39:33,Pattern Match: ^\[\d+条\]$,[2条]
2026-02-07 13:39:33,Pattern Match: ^\d{1,2}:\d{2}$,13:39
2026-02-07 13:39:33,Pattern Match: ^\[\d+条\]$,[1条]
2026-02-07 13:39:33,Pattern Match: ^\d{1,2}:\d{2}$,13:37
2026-02-07 13:39:33,Pattern Match: 消息免打扰,消息免打扰
2026-02-07 13:39:34,Pattern Match: ^\[\d+条\]$,[2条]
2026-02-07 13:39:34,Pattern Match: ^\d{1,2}:\d{2}$,13:39
2026-02-07 13:39:34,Pattern Match: ^\[\d+条\]$,[1条]
2026-02-07 13:39:34,Pattern Match: ^\d{1,2}:\d{2}$,13:37
2026-02-07 13:39:34,Pattern Match: 消息免打扰,消息免打扰
2026-02-07 13:39:34,Pattern Match: ^\[\d+条\]$,[2条]
2026-02-07 13:39:34,Pattern Match: ^\d{1,2}:\d{2}$,13:39
2026-02-07 13:39:34,Pattern Match: ^\[\d+条\]$,[1条]
2026-02-07 13:39:34,Pattern Match: ^\d{1,2}:\d{2}$,13:37
2026-02-07 13:39:34,Pattern Match: 消息免打扰,消息免打扰
2026-02-07 13:39:34,Pattern Match: ^\[\d+条\]$,[2条]
2026-02-07 13:39:34,Pattern Match: ^\d{1,2}:\d{2}$,13:39
2026-02-07 13:39:34,Pattern Match: ^\[\d+条\]$,[1条]
2026-02-07 13:39:34,Pattern Match: ^\d{1,2}:\d{2}$,13:37
2026-02-07 13:39:34,Pattern Match: 消息免打扰,消息免打扰
2026-02-07 13:39:35,Pattern Match: ^\[\d+条\]$,[2条]
2026-02-07 13:39:35,Pattern Match: ^\d{1,2}:\d{2}$,13:39
2026-02-07 13:39:35,Pattern Match: ^\[\d+条\]$,[1条]
2026-02-07 13:39:35,Pattern Match: ^\d{1,2}:\d{2}$,13:37
2026-02-07 13:39:35,Pattern Match: 消息免打扰,消息免打扰
2026-02-07 13:39:35,Pattern Match: ^\[\d+条\]$,[2条]
2026-02-07 13:39:35,Pattern Match: ^\d{1,2}:\d{2}$,13:39
2026-02-07 13:39:35,Pattern Match: ^\[\d+条\]$,[1条]
2026-02-07 13:39:35,Pattern Match: ^\d{1,2}:\d{2}$,13:37
2026-02-07 13:39:35,Pattern Match: 消息免打扰,消息免打扰
2026-02-07 13:39:35,Pattern Match: ^\[\d+条\]$,[2条]
2026-02-07 13:39:35,Pattern Match: ^\d{1,2}:\d{2}$,13:39
2026-02-07 13:39:35,Pattern Match: ^\[\d+条\]$,[1条]
2026-02-07 13:39:35,Pattern Match: ^\d{1,2}:\d{2}$,13:37
2026-02-07 13:39:35,Pattern Match: 消息免打扰,消息免打扰
2026-02-07 13:39:36,Pattern Match: ^\[\d+条\]$,[2条]
2026-02-07 13:39:36,Pattern Match: ^\d{1,2}:\d{2}$,13:39
2026-02-07 13:39:36,Pattern Match: ^\[\d+条\]$,[1条]
2026-02-07 13:39:36,Pattern Match: ^\d{1,2}:\d{2}$,13:37
2026-02-07 13:39:36,Pattern Match: 消息免打扰,消息免打扰
2026-02-07 13:39:36,Pattern Match: ^\[\d+条\]$,[2条]
2026-02-07 13:39:36,Pattern Match: ^\d{1,2}:\d{2}$,13:39
2026-02-07 13:39:36,Pattern Match: ^\[\d+条\]$,[1条]
2026-02-07 13:39:36,Pattern Match: ^\d{1,2}:\d{2}$,13:37
2026-02-07 13:39:36,Pattern Match: 消息免打扰,消息免打扰
2026-02-07 13:39:36,Pattern Match: ^\[\d+条\]$,[2条]
2026-02-07 13:39:36,Pattern Match: ^\d{1,2}:\d{2}$,13:39
2026-02-07 13:39:36,Pattern Match: ^\[\d+条\]$,[1条]
2026-02-07 13:39:36,Pattern Match: ^\d{1,2}:\d{2}$,13:37
2026-02-07 13:39:36,Pattern Match: 消息免打扰,消息免打扰
2026-02-07 13:39:37,Pattern Match: ^\[\d+条\]$,[2条]
2026-02-07 13:39:37,Pattern Match: ^\d{1,2}:\d{2}$,13:39
2026-02-07 13:39:37,Pattern Match: ^\[\d+条\]$,[1条]
2026-02-07 13:39:37,Pattern Match: ^\d{1,2}:\d{2}$,13:37
2026-02-07 13:39:37,Pattern Match: 消息免打扰,消息免打扰
2026-02-07 13:39:37,Pattern Match: ^\[\d+条\]$,[3条]
2026-02-07 13:39:37,Pattern Match: ^\d{1,2}:\d{2}$,13:39
2026-02-07 13:39:37,Pattern Match: ^\[\d+条\]$,[1条]
2026-02-07 13:39:37,Pattern Match: ^\d{1,2}:\d{2}$,13:37
2026-02-07 13:39:37,Pattern Match: 消息免打扰,消息免打扰
2026-02-07 13:39:37,Pattern Match: ^\[\d+条\]$,[3条]
2026-02-07 13:39:37,Pattern Match: ^\d{1,2}:\d{2}$,13:39
2026-02-07 13:39:37,Pattern Match: ^\[\d+条\]$,[1条]
2026-02-07 13:39:37,Pattern Match: ^\d{1,2}:\d{2}$,13:37
2026-02-07 13:39:37,Pattern Match: 消息免打扰,消息免打扰
2026-02-07 13:39:38,Pattern Match: ^\[\d+条\]$,[3条]
2026-02-07 13:39:38,Pattern Match: ^\d{1,2}:\d{2}$,13:39
2026-02-07 13:39:38,Pattern Match: ^\[\d+条\]$,[1条]
2026-02-07 13:39:38,Pattern Match: ^\d{1,2}:\d{2}$,13:37
2026-02-07 13:39:38,Pattern Match: 消息免打扰,消息免打扰
2026-02-07 13:39:38,Pattern Match: ^\[\d+条\]$,[3条]
2026-02-07 13:39:38,Pattern Match: ^\d{1,2}:\d{2}$,13:39
2026-02-07 13:39:38,Pattern Match: ^\[\d+条\]$,[1条]
2026-02-07 13:39:38,Pattern Match: ^\d{1,2}:\d{2}$,13:37
2026-02-07 13:39:38,Pattern Match: 消息免打扰,消息免打扰
2026-02-07 13:39:38,Pattern Match: ^\[\d+条\]$,[3条]
2026-02-07 13:39:38,Pattern Match: ^\d{1,2}:\d{2}$,13:39
2026-02-07 13:39:38,Pattern Match: ^\[\d+条\]$,[1条]
2026-02-07 13:39:38,Pattern Match: ^\d{1,2}:\d{2}$,13:37
2026-02-07 13:39:38,Pattern Match: 消息免打扰,消息免打扰
2026-02-07 13:39:39,Pattern Match: ^\[\d+条\]$,[3条]
2026-02-07 13:39:39,Pattern Match: ^\d{1,2}:\d{2}$,13:39
2026-02-07 13:39:39,Pattern Match: ^\[\d+条\]$,[1条]
2026-02-07 13:39:39,Pattern Match: ^\d{1,2}:\d{2}$,13:37
2026-02-07 13:39:39,Pattern Match: 消息免打扰,消息免打扰
2026-02-07 13:39:39,Pattern Match: ^\[\d+条\]$,[3条]
2026-02-07 13:39:39,Pattern Match: ^\d{1,2}:\d{2}$,13:39
2026-02-07 13:39:39,Pattern Match: ^\[\d+条\]$,[1条]
2026-02-07 13:39:39,Pattern Match: ^\d{1,2}:\d{2}$,13:37
2026-02-07 13:39:39,Pattern Match: 消息免打扰,消息免打扰
2026-02-07 13:39:39,Pattern Match: ^\[\d+条\]$,[3条]
2026-02-07 13:39:39,Pattern Match: ^\d{1,2}:\d{2}$,13:39
2026-02-07 13:39:39,Pattern Match: ^\[\d+条\]$,[1条]
2026-02-07 13:39:39,Pattern Match: ^\d{1,2}:\d{2}$,13:37
2026-02-07 13:39:39,Pattern Match: 消息免打扰,消息免打扰
2026-02-07 13:39:40,Pattern Match: ^\[\d+条\]$,[3条]
2026-02-07 13:39:40,Pattern Match: ^\d{1,2}:\d{2}$,13:39
2026-02-07 13:39:40,Pattern Match: ^\[\d+条\]$,[1条]
2026-02-07 13:39:40,Pattern Match: ^\d{1,2}:\d{2}$,13:37
2026-02-07 13:39:40,Pattern Match: 消息免打扰,消息免打扰
2026-02-07 13:39:40,Pattern Match: ^\[\d+条\]$,[3条]
2026-02-07 13:39:40,Pattern Match: ^\d{1,2}:\d{2}$,13:39
2026-02-07 13:39:40,Pattern Match: ^\[\d+条\]$,[1条]
2026-02-07 13:39:40,Pattern Match: ^\d{1,2}:\d{2}$,13:37
2026-02-07 13:39:40,Pattern Match: 消息免打扰,消息免打扰
2026-02-07 13:39:40,Pattern Match: ^\[\d+条\]$,[3条]
2026-02-07 13:39:40,Pattern Match: ^\d{1,2}:\d{2}$,13:39
2026-02-07 13:39:41,Pattern Match: ^\[\d+条\]$,[1条]
2026-02-07 13:39:41,Pattern Match: ^\d{1,2}:\d{2}$,13:37
2026-02-07 13:39:41,Pattern Match: 消息免打扰,消息免打扰
2026-02-07 13:39:41,Pattern Match: ^\[\d+条\]$,[3条]
2026-02-07 13:39:41,Pattern Match: ^\d{1,2}:\d{2}$,13:39
2026-02-07 13:39:41,Pattern Match: ^\[\d+条\]$,[1条]
2026-02-07 13:39:41,Pattern Match: ^\d{1,2}:\d{2}$,13:37
2026-02-07 13:39:41,Pattern Match: 消息免打扰,消息免打扰
2026-02-07 13:39:41,Pattern Match: ^\[\d+条\]$,[3条]
2026-02-07 13:39:41,Pattern Match: ^\d{1,2}:\d{2}$,13:39
2026-02-07 13:39:41,Pattern Match: ^\[\d+条\]$,[1条]
2026-02-07 13:39:41,Pattern Match: ^\d{1,2}:\d{2}$,13:37
2026-02-07 13:39:41,Pattern Match: 消息免打扰,消息免打扰
2026-02-07 13:39:41,Pattern Match: ^\[\d+条\]$,[3条]
2026-02-07 13:39:41,Pattern Match: ^\d{1,2}:\d{2}$,13:39
2026-02-07 13:39:42,Pattern Match: ^\[\d+条\]$,[1条]
2026-02-07 13:39:42,Pattern Match: ^\d{1,2}:\d{2}$,13:37
2026-02-07 13:39:42,Pattern Match: 消息免打扰,消息免打扰
2026-02-07 13:39:42,Pattern Match: ^\[\d+条\]$,[3条]
2026-02-07 13:39:42,Pattern Match: ^\d{1,2}:\d{2}$,13:39
2026-02-07 13:39:42,Pattern Match: ^\[\d+条\]$,[1条]
2026-02-07 13:39:42,Pattern Match: ^\d{1,2}:\d{2}$,13:37
2026-02-07 13:39:42,Pattern Match: 消息免打扰,消息免打扰
2026-02-07 13:39:42,Pattern Match: ^\[\d+条\]$,[3条]
2026-02-07 13:39:42,Pattern Match: ^\d{1,2}:\d{2}$,13:39
2026-02-07 13:39:42,Pattern Match: ^\[\d+条\]$,[1条]
2026-02-07 13:39:42,Pattern Match: ^\d{1,2}:\d{2}$,13:37
2026-02-07 13:39:42,Pattern Match: 消息免打扰,消息免打扰
2026-02-07 13:39:42,Pattern Match: ^\[\d+条\]$,[3条]
2026-02-07 13:39:42,Pattern Match: ^\d{1,2}:\d{2}$,13:39
2026-02-07 13:39:43,Pattern Match: ^\[\d+条\]$,[1条]
2026-02-07 13:39:43,Pattern Match: ^\d{1,2}:\d{2}$,13:37
2026-02-07 13:39:43,Pattern Match: 消息免打扰,消息免打扰
2026-02-07 13:39:43,Pattern Match: ^\[\d+条\]$,[3条]
2026-02-07 13:39:43,Pattern Match: ^\d{1,2}:\d{2}$,13:39
2026-02-07 13:39:43,Pattern Match: ^\[\d+条\]$,[1条]
2026-02-07 13:39:43,Pattern Match: ^\d{1,2}:\d{2}$,13:37
2026-02-07 13:39:43,Pattern Match: 消息免打扰,消息免打扰
2026-02-07 13:39:43,Pattern Match: ^\[\d+条\]$,[2条]
2026-02-07 13:39:43,Pattern Match: ^\d{1,2}:\d{2}$,13:39
2026-02-07 13:39:43,Pattern Match: ^\[\d+条\]$,[1条]
2026-02-07 13:39:43,Pattern Match: ^\d{1,2}:\d{2}$,13:37
2026-02-07 13:39:43,Pattern Match: 消息免打扰,消息免打扰
2026-02-07 13:39:44,Pattern Match: ^\[\d+条\]$,[2条]
2026-02-07 13:39:44,Pattern Match: ^\d{1,2}:\d{2}$,13:39
2026-02-07 13:39:44,Pattern Match: ^\[\d+条\]$,[1条]
2026-02-07 13:39:44,Pattern Match: ^\d{1,2}:\d{2}$,13:37
2026-02-07 13:39:44,Pattern Match: 消息免打扰,消息免打扰
2026-02-07 13:39:44,Pattern Match: ^\[\d+条\]$,[2条]
2026-02-07 13:39:44,Pattern Match: ^\d{1,2}:\d{2}$,13:39
2026-02-07 13:39:44,Pattern Match: ^\[\d+条\]$,[1条]
2026-02-07 13:39:44,Pattern Match: ^\d{1,2}:\d{2}$,13:37
2026-02-07 13:39:44,Pattern Match: 消息免打扰,消息免打扰
2026-02-07 13:39:44,Pattern Match: ^\[\d+条\]$,[2条]
2026-02-07 13:39:44,Pattern Match: ^\d{1,2}:\d{2}$,13:39
2026-02-07 13:39:44,Pattern Match: ^\[\d+条\]$,[1条]
2026-02-07 13:39:44,Pattern Match: ^\d{1,2}:\d{2}$,13:37
2026-02-07 13:39:44,Pattern Match: 消息免打扰,消息免打扰
2026-02-07 13:39:45,Pattern Match: ^\[\d+条\]$,[2条]
2026-02-07 13:39:45,Pattern Match: ^\d{1,2}:\d{2}$,13:39
2026-02-07 13:39:45,Pattern Match: ^\[\d+条\]$,[1条]
2026-02-07 13:39:45,Pattern Match: ^\d{1,2}:\d{2}$,13:37
2026-02-07 13:39:45,Pattern Match: 消息免打扰,消息免打扰
2026-02-07 13:39:45,Pattern Match: ^\[\d+条\]$,[2条]
2026-02-07 13:39:45,Pattern Match: ^\d{1,2}:\d{2}$,13:39
2026-02-07 13:39:45,Pattern Match: ^\[\d+条\]$,[1条]
2026-02-07 13:39:45,Pattern Match: ^\d{1,2}:\d{2}$,13:37
2026-02-07 13:39:45,Pattern Match: 消息免打扰,消息免打扰
2026-02-07 13:39:45,Pattern Match: ^\[\d+条\]$,[2条]
2026-02-07 13:39:45,Pattern Match: ^\d{1,2}:\d{2}$,13:39
2026-02-07 13:39:45,Pattern Match: ^\[\d+条\]$,[1条]
2026-02-07 13:39:45,Pattern Match: ^\d{1,2}:\d{2}$,13:37
2026-02-07 13:39:45,Pattern Match: 消息免打扰,消息免打扰
2026-02-07 13:39:46,Pattern Match: ^\[\d+条\]$,[2条]
2026-02-07 13:39:46,Pattern Match: ^\d{1,2}:\d{2}$,13:39
2026-02-07 13:39:46,Pattern Match: ^\[\d+条\]$,[1条]
2026-02-07 13:39:46,Pattern Match: ^\d{1,2}:\d{2}$,13:37
2026-02-07 13:39:46,Pattern Match: 消息免打扰,消息免打扰
2026-02-07 13:39:46,Pattern Match: ^\[\d+条\]$,[2条]
2026-02-07 13:39:46,Pattern Match: ^\d{1,2}:\d{2}$,13:39
2026-02-07 13:39:46,Pattern Match: ^\[\d+条\]$,[1条]
2026-02-07 13:39:46,Pattern Match: ^\d{1,2}:\d{2}$,13:37
2026-02-07 13:39:46,Pattern Match: 消息免打扰,消息免打扰
2026-02-07 13:39:46,Pattern Match: ^\[\d+条\]$,[2条]
2026-02-07 13:39:46,Pattern Match: ^\d{1,2}:\d{2}$,13:39
2026-02-07 13:39:46,Pattern Match: ^\[\d+条\]$,[1条]
2026-02-07 13:39:46,Pattern Match: ^\d{1,2}:\d{2}$,13:37
2026-02-07 13:39:46,Pattern Match: 消息免打扰,消息免打扰
2026-02-07 13:39:47,Pattern Match: ^\[\d+条\]$,[2条]
2026-02-07 13:39:47,Pattern Match: ^\d{1,2}:\d{2}$,13:39
2026-02-07 13:39:47,Pattern Match: ^\[\d+条\]$,[1条]
2026-02-07 13:39:47,Pattern Match: ^\d{1,2}:\d{2}$,13:37
2026-02-07 13:39:47,Pattern Match: 消息免打扰,消息免打扰
2026-02-07 13:39:47,Pattern Match: ^\[\d+条\]$,[2条]
2026-02-07 13:39:47,Pattern Match: ^\d{1,2}:\d{2}$,13:39
2026-02-07 13:39:47,Pattern Match: ^\[\d+条\]$,[1条]
2026-02-07 13:39:47,Pattern Match: ^\d{1,2}:\d{2}$,13:37
2026-02-07 13:39:47,Pattern Match: 消息免打扰,消息免打扰
2026-02-07 13:39:47,Pattern Match: ^\[\d+条\]$,[2条]
2026-02-07 13:39:47,Pattern Match: ^\d{1,2}:\d{2}$,13:39
2026-02-07 13:39:47,Pattern Match: ^\[\d+条\]$,[1条]
2026-02-07 13:39:47,Pattern Match: ^\d{1,2}:\d{2}$,13:37
2026-02-07 13:39:47,Pattern Match: 消息免打扰,消息免打扰
2026-02-07 13:39:48,Pattern Match: ^\[\d+条\]$,[2条]
2026-02-07 13:39:48,Pattern Match: ^\d{1,2}:\d{2}$,13:39
2026-02-07 13:39:48,Pattern Match: ^\[\d+条\]$,[1条]
2026-02-07 13:39:48,Pattern Match: ^\d{1,2}:\d{2}$,13:37
2026-02-07 13:39:48,Pattern Match: 消息免打扰,消息免打扰
2026-02-07 13:39:48,Pattern Match: ^\[\d+条\]$,[2条]
2026-02-07 13:39:48,Pattern Match: ^\d{1,2}:\d{2}$,13:39
2026-02-07 13:39:48,Pattern Match: ^\[\d+条\]$,[1条]
2026-02-07 13:39:48,Pattern Match: ^\d{1,2}:\d{2}$,13:37
2026-02-07 13:39:48,Pattern Match: 消息免打扰,消息免打扰
2026-02-07 13:39:48,Pattern Match: ^\[\d+条\]$,[2条]
2026-02-07 13:39:48,Pattern Match: ^\d{1,2}:\d{2}$,13:39
2026-02-07 13:39:48,Pattern Match: ^\[\d+条\]$,[1条]
2026-02-07 13:39:48,Pattern Match: ^\d{1,2}:\d{2}$,13:37
2026-02-07 13:39:48,Pattern Match: 消息免打扰,消息免打扰
2026-02-07 13:39:49,Pattern Match: ^\[\d+条\]$,[2条]
2026-02-07 13:39:49,Pattern Match: ^\d{1,2}:\d{2}$,13:39
2026-02-07 13:39:49,Pattern Match: ^\[\d+条\]$,[1条]
2026-02-07 13:39:49,Pattern Match: ^\d{1,2}:\d{2}$,13:37
2026-02-07 13:39:49,Pattern Match: 消息免打扰,消息免打扰
2026-02-07 13:39:49,Pattern Match: ^\[\d+条\]$,[2条]
2026-02-07 13:39:49,Pattern Match: ^\d{1,2}:\d{2}$,13:39
2026-02-07 13:39:49,Pattern Match: ^\[\d+条\]$,[1条]
2026-02-07 13:39:49,Pattern Match: ^\d{1,2}:\d{2}$,13:37
2026-02-07 13:39:49,Pattern Match: 消息免打扰,消息免打扰
2026-02-07 13:39:50,Pattern Match: ^\[\d+条\]$,[2条]
2026-02-07 13:39:50,Pattern Match: ^\d{1,2}:\d{2}$,13:39
2026-02-07 13:39:50,Pattern Match: ^\[\d+条\]$,[1条]
2026-02-07 13:39:50,Pattern Match: ^\d{1,2}:\d{2}$,13:37
2026-02-07 13:39:50,Pattern Match: 消息免打扰,消息免打扰
2026-02-07 13:39:50,Pattern Match: ^\[\d+条\]$,[2条]
2026-02-07 13:39:50,Pattern Match: ^\d{1,2}:\d{2}$,13:39
2026-02-07 13:39:50,Pattern Match: ^\[\d+条\]$,[1条]
2026-02-07 13:39:50,Pattern Match: ^\d{1,2}:\d{2}$,13:37
2026-02-07 13:39:50,Pattern Match: 消息免打扰,消息免打扰
2026-02-07 13:39:50,Pattern Match: ^\[\d+条\]$,[2条]
2026-02-07 13:39:50,Pattern Match: ^\d{1,2}:\d{2}$,13:39
2026-02-07 13:39:50,Pattern Match: ^\[\d+条\]$,[1条]
2026-02-07 13:39:50,Pattern Match: ^\d{1,2}:\d{2}$,13:37
2026-02-07 13:39:50,Pattern Match: 消息免打扰,消息免打扰
2026-02-07 13:39:51,Pattern Match: ^\[\d+条\]$,[2条]
2026-02-07 13:39:51,Pattern Match: ^\d{1,2}:\d{2}$,13:39
2026-02-07 13:39:51,Pattern Match: ^\[\d+条\]$,[1条]
2026-02-07 13:39:51,Pattern Match: ^\d{1,2}:\d{2}$,13:37
2026-02-07 13:39:51,Pattern Match: 消息免打扰,消息免打扰
2026-02-07 13:39:51,Pattern Match: ^\[\d+条\]$,[2条]
2026-02-07 13:39:51,Pattern Match: ^\d{1,2}:\d{2}$,13:39
2026-02-07 13:39:51,Pattern Match: ^\[\d+条\]$,[1条]
2026-02-07 13:39:51,Pattern Match: ^\d{1,2}:\d{2}$,13:37
2026-02-07 13:39:51,Pattern Match: 消息免打扰,消息免打扰
2026-02-07 13:39:51,Pattern Match: ^\[\d+条\]$,[2条]
2026-02-07 13:39:51,Pattern Match: ^\d{1,2}:\d{2}$,13:39
2026-02-07 13:39:51,Pattern Match: ^\[\d+条\]$,[1条]
2026-02-07 13:39:51,Pattern Match: ^\d{1,2}:\d{2}$,13:37
2026-02-07 13:39:51,Pattern Match: 消息免打扰,消息免打扰
2026-02-07 13:39:52,Pattern Match: ^\[\d+条\]$,[2条]
2026-02-07 13:39:52,Pattern Match: ^\d{1,2}:\d{2}$,13:39
2026-02-07 13:39:52,Pattern Match: ^\[\d+条\]$,[1条]
2026-02-07 13:39:52,Pattern Match: ^\d{1,2}:\d{2}$,13:37
2026-02-07 13:39:52,Pattern Match: 消息免打扰,消息免打扰
2026-02-07 13:39:52,Pattern Match: ^\[\d+条\]$,[2条]
2026-02-07 13:39:52,Pattern Match: ^\d{1,2}:\d{2}$,13:39
2026-02-07 13:39:52,Pattern Match: ^\[\d+条\]$,[1条]
2026-02-07 13:39:52,Pattern Match: ^\d{1,2}:\d{2}$,13:37
2026-02-07 13:39:52,Pattern Match: 消息免打扰,消息免打扰
2026-02-07 13:40:02,Pattern Match: ^\[\d+条\]$,[1条]
2026-02-07 13:40:02,Pattern Match: ^\d{1,2}:\d{2}$,13:37
2026-02-07 13:40:02,Pattern Match: 消息免打扰,消息免打扰
2026-02-07 13:40:03,Pattern Match: ^\[\d+条\]$,[1条]
2026-02-07 13:40:03,Pattern Match: ^\d{1,2}:\d{2}$,13:37
2026-02-07 13:40:03,Pattern Match: 消息免打扰,消息免打扰
2026-02-07 13:40:03,Pattern Match: ^\[\d+条\]$,[1条]
2026-02-07 13:40:03,Pattern Match: ^\d{1,2}:\d{2}$,13:37
2026-02-07 13:40:03,Pattern Match: 消息免打扰,消息免打扰
2026-02-07 13:40:03,Pattern Match: ^\[\d+条\]$,[1条]
2026-02-07 13:40:03,Pattern Match: ^\d{1,2}:\d{2}$,13:37
2026-02-07 13:40:03,Pattern Match: 消息免打扰,消息免打扰
2026-02-07 13:40:04,Pattern Match: ^\[\d+条\]$,[1条]
2026-02-07 13:40:04,Pattern Match: ^\d{1,2}:\d{2}$,13:37
2026-02-07 13:40:04,Pattern Match: 消息免打扰,消息免打扰
2026-02-07 13:40:04,Pattern Match: ^\[\d+条\]$,[1条]
2026-02-07 13:40:04,Pattern Match: ^\d{1,2}:\d{2}$,13:37
2026-02-07 13:40:04,Pattern Match: 消息免打扰,消息免打扰
2026-02-07 13:40:05,Pattern Match: ^\[\d+条\]$,[1条]
2026-02-07 13:40:05,Pattern Match: ^\d{1,2}:\d{2}$,13:37
2026-02-07 13:40:05,Pattern Match: 消息免打扰,消息免打扰
2026-02-07 13:40:05,Pattern Match: ^\[\d+条\]$,[1条]
2026-02-07 13:40:05,Pattern Match: ^\d{1,2}:\d{2}$,13:37
2026-02-07 13:40:05,Pattern Match: 消息免打扰,消息免打扰
2026-02-07 13:40:05,Pattern Match: ^\[\d+条\]$,[1条]
2026-02-07 13:40:05,Pattern Match: ^\d{1,2}:\d{2}$,13:37
2026-02-07 13:40:05,Pattern Match: 消息免打扰,消息免打扰
2026-02-07 13:40:06,Pattern Match: ^\[\d+条\]$,[1条]
2026-02-07 13:40:06,Pattern Match: ^\d{1,2}:\d{2}$,13:37
2026-02-07 13:40:06,Pattern Match: 消息免打扰,消息免打扰
2026-02-07 13:40:06,Pattern Match: ^\[\d+条\]$,[1条]
2026-02-07 13:40:06,Pattern Match: ^\d{1,2}:\d{2}$,13:37
2026-02-07 13:40:06,Pattern Match: 消息免打扰,消息免打扰
2026-02-07 13:40:06,Pattern Match: ^\[\d+条\]$,[1条]
2026-02-07 13:40:06,Pattern Match: ^\d{1,2}:\d{2}$,13:37
2026-02-07 13:40:06,Pattern Match: 消息免打扰,消息免打扰
2026-02-07 13:40:07,Pattern Match: ^\[\d+条\]$,[1条]
2026-02-07 13:40:07,Pattern Match: ^\d{1,2}:\d{2}$,13:37
2026-02-07 13:40:07,Pattern Match: 消息免打扰,消息免打扰
2026-02-07 13:40:07,Pattern Match: ^\[\d+条\]$,[1条]
2026-02-07 13:40:07,Pattern Match: ^\d{1,2}:\d{2}$,13:37
2026-02-07 13:40:07,Pattern Match: 消息免打扰,消息免打扰
2026-02-07 13:40:08,Pattern Match: ^\[\d+条\]$,[1条]
2026-02-07 13:40:08,Pattern Match: ^\d{1,2}:\d{2}$,13:37
2026-02-07 13:40:08,Pattern Match: 消息免打扰,消息免打扰
2026-02-07 13:40:08,Pattern Match: ^\[\d+条\]$,[1条]
2026-02-07 13:40:08,Pattern Match: ^\d{1,2}:\d{2}$,13:37
2026-02-07 13:40:08,Pattern Match: 消息免打扰,消息免打扰
2026-02-07 13:40:08,Pattern Match: ^\[\d+条\]$,[1条]
2026-02-07 13:40:08,Pattern Match: ^\d{1,2}:\d{2}$,13:37
2026-02-07 13:40:08,Pattern Match: 消息免打扰,消息免打扰
2026-02-07 13:40:09,Pattern Match: ^\[\d+条\]$,[1条]
2026-02-07 13:40:09,Pattern Match: ^\d{1,2}:\d{2}$,13:37
2026-02-07 13:40:09,Pattern Match: 消息免打扰,消息免打扰
2026-02-07 13:40:09,Pattern Match: ^\[\d+条\]$,[1条]
2026-02-07 13:40:09,Pattern Match: ^\d{1,2}:\d{2}$,13:37
2026-02-07 13:40:09,Pattern Match: 消息免打扰,消息免打扰
2026-02-07 13:40:09,Pattern Match: ^\[\d+条\]$,[1条]
2026-02-07 13:40:09,Pattern Match: ^\d{1,2}:\d{2}$,13:37
2026-02-07 13:40:09,Pattern Match: 消息免打扰,消息免打扰
2026-02-07 13:40:10,Pattern Match: ^\[\d+条\]$,[1条]
2026-02-07 13:40:10,Pattern Match: ^\d{1,2}:\d{2}$,13:37
2026-02-07 13:40:10,Pattern Match: 消息免打扰,消息免打扰
2026-02-07 13:40:10,Pattern Match: ^\[\d+条\]$,[1条]
2026-02-07 13:40:10,Pattern Match: ^\d{1,2}:\d{2}$,13:37
2026-02-07 13:40:10,Pattern Match: 消息免打扰,消息免打扰
2026-02-07 13:40:10,Pattern Match: ^\[\d+条\]$,[1条]
2026-02-07 13:40:10,Pattern Match: ^\d{1,2}:\d{2}$,13:37
2026-02-07 13:40:10,Pattern Match: 消息免打扰,消息免打扰
2026-02-07 13:40:11,Pattern Match: ^\[\d+条\]$,[1条]
2026-02-07 13:40:11,Pattern Match: ^\d{1,2}:\d{2}$,13:37
2026-02-07 13:40:11,Pattern Match: 消息免打扰,消息免打扰
2026-02-07 13:40:11,Pattern Match: ^\[\d+条\]$,[1条]
2026-02-07 13:40:11,Pattern Match: ^\d{1,2}:\d{2}$,13:37
2026-02-07 13:40:11,Pattern Match: 消息免打扰,消息免打扰
2026-02-07 13:40:12,Pattern Match: ^\[\d+条\]$,[1条]
2026-02-07 13:40:12,Pattern Match: ^\d{1,2}:\d{2}$,13:37
2026-02-07 13:40:12,Pattern Match: 消息免打扰,消息免打扰
2026-02-07 13:40:12,Pattern Match: ^\[\d+条\]$,[1条]
2026-02-07 13:40:12,Pattern Match: ^\d{1,2}:\d{2}$,13:37
2026-02-07 13:40:12,Pattern Match: 消息免打扰,消息免打扰
2026-02-07 13:40:12,Pattern Match: ^\[\d+条\]$,[1条]
2026-02-07 13:40:12,Pattern Match: ^\d{1,2}:\d{2}$,13:37
2026-02-07 13:40:12,Pattern Match: 消息免打扰,消息免打扰
2026-02-07 13:40:13,Pattern Match: ^\[\d+条\]$,[1条]
2026-02-07 13:40:13,Pattern Match: ^\d{1,2}:\d{2}$,13:37
2026-02-07 13:40:13,Pattern Match: 消息免打扰,消息免打扰
2026-02-07 13:40:13,Pattern Match: ^\[\d+条\]$,[1条]
2026-02-07 13:40:13,Pattern Match: ^\d{1,2}:\d{2}$,13:37
2026-02-07 13:40:13,Pattern Match: 消息免打扰,消息免打扰
2026-02-07 13:40:13,Pattern Match: ^\[\d+条\]$,[1条]
2026-02-07 13:40:13,Pattern Match: ^\d{1,2}:\d{2}$,13:37
2026-02-07 13:40:13,Pattern Match: 消息免打扰,消息免打扰
2026-02-07 13:40:14,Pattern Match: ^\[\d+条\]$,[1条]
2026-02-07 13:40:14,Pattern Match: ^\d{1,2}:\d{2}$,13:37
2026-02-07 13:40:14,Pattern Match: 消息免打扰,消息免打扰
2026-02-07 13:40:14,Pattern Match: ^\[\d+条\]$,[1条]
2026-02-07 13:40:14,Pattern Match: ^\d{1,2}:\d{2}$,13:37
2026-02-07 13:40:14,Pattern Match: 消息免打扰,消息免打扰
2026-02-07 13:40:15,Pattern Match: ^\[\d+条\]$,[1条]
2026-02-07 13:40:15,Pattern Match: ^\d{1,2}:\d{2}$,13:37
2026-02-07 13:40:15,Pattern Match: 消息免打扰,消息免打扰
2026-02-07 13:40:15,Pattern Match: ^\[\d+条\]$,[1条]
2026-02-07 13:40:15,Pattern Match: ^\d{1,2}:\d{2}$,13:37
2026-02-07 13:40:15,Pattern Match: 消息免打扰,消息免打扰
2026-02-07 13:40:15,Pattern Match: ^\[\d+条\]$,[1条]
2026-02-07 13:40:15,Pattern Match: ^\d{1,2}:\d{2}$,13:37
2026-02-07 13:40:15,Pattern Match: 消息免打扰,消息免打扰
2026-02-07 13:40:16,Pattern Match: ^\[\d+条\]$,[1条]
2026-02-07 13:40:16,Pattern Match: ^\d{1,2}:\d{2}$,13:37
2026-02-07 13:40:16,Pattern Match: 消息免打扰,消息免打扰
2026-02-07 13:40:16,Pattern Match: ^\[\d+条\]$,[1条]
2026-02-07 13:40:16,Pattern Match: ^\d{1,2}:\d{2}$,13:37
2026-02-07 13:40:16,Pattern Match: 消息免打扰,消息免打扰
2026-02-07 13:40:16,Pattern Match: ^\[\d+条\]$,[1条]
2026-02-07 13:40:16,Pattern Match: ^\d{1,2}:\d{2}$,13:37
2026-02-07 13:40:16,Pattern Match: 消息免打扰,消息免打扰
2026-02-07 13:40:17,Pattern Match: ^\[\d+条\]$,[1条]
2026-02-07 13:40:17,Pattern Match: ^\d{1,2}:\d{2}$,13:37
2026-02-07 13:40:17,Pattern Match: 消息免打扰,消息免打扰
2026-02-07 13:40:17,Pattern Match: ^\[\d+条\]$,[1条]
2026-02-07 13:40:17,Pattern Match: ^\d{1,2}:\d{2}$,13:37
2026-02-07 13:40:17,Pattern Match: 消息免打扰,消息免打扰
2026-02-07 13:40:18,Pattern Match: ^\[\d+条\]$,[1条]
2026-02-07 13:40:18,Pattern Match: ^\d{1,2}:\d{2}$,13:37
2026-02-07 13:40:18,Pattern Match: 消息免打扰,消息免打扰
2026-02-07 13:40:18,Pattern Match: ^\[\d+条\]$,[1条]
2026-02-07 13:40:18,Pattern Match: ^\d{1,2}:\d{2}$,13:37
2026-02-07 13:40:18,Pattern Match: 消息免打扰,消息免打扰
2026-02-07 13:40:18,Pattern Match: ^\[\d+条\]$,[1条]
2026-02-07 13:40:18,Pattern Match: ^\d{1,2}:\d{2}$,13:37
2026-02-07 13:40:18,Pattern Match: 消息免打扰,消息免打扰
2026-02-07 13:40:19,Pattern Match: ^\[\d+条\]$,[1条]
2026-02-07 13:40:19,Pattern Match: ^\d{1,2}:\d{2}$,13:37
2026-02-07 13:40:19,Pattern Match: 消息免打扰,消息免打扰
2026-02-07 13:40:19,Pattern Match: ^\[\d+条\]$,[1条]
2026-02-07 13:40:19,Pattern Match: ^\d{1,2}:\d{2}$,13:37
2026-02-07 13:40:19,Pattern Match: 消息免打扰,消息免打扰
2026-02-07 13:40:20,Pattern Match: ^\[\d+条\]$,[1条]
2026-02-07 13:40:20,Pattern Match: ^\d{1,2}:\d{2}$,13:37
2026-02-07 13:40:20,Pattern Match: 消息免打扰,消息免打扰
2026-02-07 13:40:20,Pattern Match: ^\[\d+条\]$,[1条]
2026-02-07 13:40:20,Pattern Match: ^\d{1,2}:\d{2}$,13:37
2026-02-07 13:40:20,Pattern Match: 消息免打扰,消息免打扰
2026-02-07 13:40:20,Pattern Match: ^\[\d+条\]$,[1条]
2026-02-07 13:40:20,Pattern Match: ^\d{1,2}:\d{2}$,13:37
2026-02-07 13:40:20,Pattern Match: 消息免打扰,消息免打扰
2026-02-07 13:40:21,Pattern Match: ^\[\d+条\]$,[1条]
2026-02-07 13:40:21,Pattern Match: ^\d{1,2}:\d{2}$,13:37
2026-02-07 13:40:21,Pattern Match: 消息免打扰,消息免打扰
2026-02-07 13:40:21,Pattern Match: ^\[\d+条\]$,[1条]
2026-02-07 13:40:21,Pattern Match: ^\d{1,2}:\d{2}$,13:37
2026-02-07 13:40:21,Pattern Match: 消息免打扰,消息免打扰
2026-02-07 13:40:22,Pattern Match: ^\[\d+条\]$,[1条]
2026-02-07 13:40:22,Pattern Match: ^\d{1,2}:\d{2}$,13:37
2026-02-07 13:40:22,Pattern Match: 消息免打扰,消息免打扰
2026-02-07 13:40:22,Pattern Match: ^\[\d+条\]$,[1条]
2026-02-07 13:40:22,Pattern Match: ^\d{1,2}:\d{2}$,13:37
2026-02-07 13:40:22,Pattern Match: 消息免打扰,消息免打扰
2026-02-07 13:40:22,Pattern Match: ^\[\d+条\]$,[1条]
2026-02-07 13:40:22,Pattern Match: ^\d{1,2}:\d{2}$,13:37
2026-02-07 13:40:22,Pattern Match: 消息免打扰,消息免打扰
2026-02-07 13:40:23,Pattern Match: ^\[\d+条\]$,[1条]
2026-02-07 13:40:23,Pattern Match: ^\d{1,2}:\d{2}$,13:37
2026-02-07 13:40:23,Pattern Match: 消息免打扰,消息免打扰
2026-02-07 13:40:23,Pattern Match: ^\[\d+条\]$,[1条]
2026-02-07 13:40:23,Pattern Match: ^\d{1,2}:\d{2}$,13:37
2026-02-07 13:40:23,Pattern Match: 消息免打扰,消息免打扰
2026-02-07 13:40:24,Pattern Match: ^\[\d+条\]$,[1条]
2026-02-07 13:40:24,Pattern Match: ^\d{1,2}:\d{2}$,13:37
2026-02-07 13:40:24,Pattern Match: 消息免打扰,消息免打扰
2026-02-07 13:40:24,Pattern Match: ^\[\d+条\]$,[1条]
2026-02-07 13:40:24,Pattern Match: ^\d{1,2}:\d{2}$,13:37
2026-02-07 13:40:24,Pattern Match: 消息免打扰,消息免打扰
2026-02-07 13:40:25,Pattern Match: ^\[\d+条\]$,[1条]
2026-02-07 13:40:25,Pattern Match: ^\d{1,2}:\d{2}$,13:37
2026-02-07 13:40:25,Pattern Match: 消息免打扰,消息免打扰
2026-02-07 13:40:25,Pattern Match: ^\[\d+条\]$,[1条]
2026-02-07 13:40:25,Pattern Match: ^\d{1,2}:\d{2}$,13:37
2026-02-07 13:40:25,Pattern Match: 消息免打扰,消息免打扰
2026-02-07 13:40:25,Pattern Match: ^\[\d+条\]$,[1条]
2026-02-07 13:40:25,Pattern Match: ^\d{1,2}:\d{2}$,13:37
2026-02-07 13:40:25,Pattern Match: 消息免打扰,消息免打扰
2026-02-07 13:40:26,Pattern Match: ^\[\d+条\]$,[1条]
2026-02-07 13:40:26,Pattern Match: ^\d{1,2}:\d{2}$,13:37
2026-02-07 13:40:26,Pattern Match: 消息免打扰,消息免打扰
2026-02-07 13:40:26,Pattern Match: ^\[\d+条\]$,[1条]
2026-02-07 13:40:26,Pattern Match: ^\d{1,2}:\d{2}$,13:37
2026-02-07 13:40:26,Pattern Match: 消息免打扰,消息免打扰
2026-02-07 13:40:27,Pattern Match: ^\[\d+条\]$,[1条]
2026-02-07 13:40:27,Pattern Match: ^\d{1,2}:\d{2}$,13:37
2026-02-07 13:40:27,Pattern Match: 消息免打扰,消息免打扰
2026-02-07 13:40:27,Pattern Match: ^\[\d+条\]$,[1条]
2026-02-07 13:40:27,Pattern Match: ^\d{1,2}:\d{2}$,13:37
2026-02-07 13:40:27,Pattern Match: 消息免打扰,消息免打扰
2026-02-07 13:40:27,Pattern Match: ^\[\d+条\]$,[1条]
2026-02-07 13:40:27,Pattern Match: ^\d{1,2}:\d{2}$,13:37
2026-02-07 13:40:27,Pattern Match: 消息免打扰,消息免打扰
2026-02-07 13:40:28,Pattern Match: ^\[\d+条\]$,[1条]
2026-02-07 13:40:28,Pattern Match: ^\d{1,2}:\d{2}$,13:37
2026-02-07 13:40:28,Pattern Match: 消息免打扰,消息免打扰
2026-02-07 13:40:28,Pattern Match: ^\[\d+条\]$,[1条]
2026-02-07 13:40:28,Pattern Match: ^\d{1,2}:\d{2}$,13:37
2026-02-07 13:40:28,Pattern Match: 消息免打扰,消息免打扰
2026-02-07 13:40:29,Pattern Match: ^\[\d+条\]$,[1条]
2026-02-07 13:40:29,Pattern Match: ^\d{1,2}:\d{2}$,13:37
2026-02-07 13:40:29,Pattern Match: 消息免打扰,消息免打扰
2026-02-07 13:40:29,Pattern Match: ^\[\d+条\]$,[1条]
2026-02-07 13:40:29,Pattern Match: ^\d{1,2}:\d{2}$,13:37
2026-02-07 13:40:29,Pattern Match: 消息免打扰,消息免打扰
2026-02-07 13:40:29,Pattern Match: ^\[\d+条\]$,[1条]
2026-02-07 13:40:29,Pattern Match: ^\d{1,2}:\d{2}$,13:37
2026-02-07 13:40:29,Pattern Match: 消息免打扰,消息免打扰
2026-02-07 13:40:30,Pattern Match: ^\[\d+条\]$,[1条]
2026-02-07 13:40:30,Pattern Match: ^\d{1,2}:\d{2}$,13:37
2026-02-07 13:40:30,Pattern Match: 消息免打扰,消息免打扰
2026-02-07 13:40:30,Pattern Match: ^\[\d+条\]$,[1条]
2026-02-07 13:40:30,Pattern Match: ^\d{1,2}:\d{2}$,13:37
2026-02-07 13:40:30,Pattern Match: 消息免打扰,消息免打扰
2026-02-07 13:40:31,Pattern Match: ^\[\d+条\]$,[1条]
2026-02-07 13:40:31,Pattern Match: ^\d{1,2}:\d{2}$,13:37
2026-02-07 13:40:31,Pattern Match: 消息免打扰,消息免打扰
2026-02-07 13:40:31,Pattern Match: ^\[\d+条\]$,[1条]
2026-02-07 13:40:31,Pattern Match: ^\d{1,2}:\d{2}$,13:37
2026-02-07 13:40:31,Pattern Match: 消息免打扰,消息免打扰
2026-02-07 13:40:31,Pattern Match: ^\[\d+条\]$,[1条]
2026-02-07 13:40:31,Pattern Match: ^\d{1,2}:\d{2}$,13:37
2026-02-07 13:40:31,Pattern Match: 消息免打扰,消息免打扰
2026-02-07 13:40:32,Pattern Match: ^\[\d+条\]$,[1条]
2026-02-07 13:40:32,Pattern Match: ^\d{1,2}:\d{2}$,13:37
2026-02-07 13:40:32,Pattern Match: 消息免打扰,消息免打扰
2026-02-07 13:40:32,Pattern Match: ^\[\d+条\]$,[1条]
2026-02-07 13:40:32,Pattern Match: ^\d{1,2}:\d{2}$,13:37
2026-02-07 13:40:32,Pattern Match: 消息免打扰,消息免打扰
2026-02-07 13:40:33,Pattern Match: ^\[\d+条\]$,[1条]
2026-02-07 13:40:33,Pattern Match: ^\d{1,2}:\d{2}$,13:37
2026-02-07 13:40:33,Pattern Match: 消息免打扰,消息免打扰
2026-02-07 13:40:33,Pattern Match: ^\[\d+条\]$,[1条]
2026-02-07 13:40:33,Pattern Match: ^\d{1,2}:\d{2}$,13:37
2026-02-07 13:40:33,Pattern Match: 消息免打扰,消息免打扰
2026-02-07 13:40:33,Pattern Match: ^\[\d+条\]$,[1条]
2026-02-07 13:40:33,Pattern Match: ^\d{1,2}:\d{2}$,13:37
2026-02-07 13:40:33,Pattern Match: 消息免打扰,消息免打扰
2026-02-07 13:40:34,Pattern Match: ^\[\d+条\]$,[1条]
2026-02-07 13:40:34,Pattern Match: ^\d{1,2}:\d{2}$,13:37
2026-02-07 13:40:34,Pattern Match: 消息免打扰,消息免打扰
2026-02-07 13:40:34,Pattern Match: ^\[\d+条\]$,[1条]
2026-02-07 13:40:34,Pattern Match: ^\d{1,2}:\d{2}$,13:37
2026-02-07 13:40:34,Pattern Match: 消息免打扰,消息免打扰
2026-02-07 13:40:35,Pattern Match: ^\[\d+条\]$,[1条]
2026-02-07 13:40:35,Pattern Match: ^\d{1,2}:\d{2}$,13:37
2026-02-07 13:40:35,Pattern Match: 消息免打扰,消息免打扰
2026-02-07 13:40:35,Pattern Match: ^\[\d+条\]$,[1条]
2026-02-07 13:40:35,Pattern Match: ^\d{1,2}:\d{2}$,13:37
2026-02-07 13:40:35,Pattern Match: 消息免打扰,消息免打扰
2026-02-07 13:40:35,Pattern Match: ^\[\d+条\]$,[1条]
2026-02-07 13:40:35,Pattern Match: ^\d{1,2}:\d{2}$,13:37
2026-02-07 13:40:35,Pattern Match: 消息免打扰,消息免打扰
2026-02-07 13:40:36,Pattern Match: ^\[\d+条\]$,[1条]
2026-02-07 13:40:36,Pattern Match: ^\d{1,2}:\d{2}$,13:37
2026-02-07 13:40:36,Pattern Match: 消息免打扰,消息免打扰
2026-02-07 13:40:36,Pattern Match: ^\[\d+条\]$,[1条]
2026-02-07 13:40:36,Pattern Match: ^\d{1,2}:\d{2}$,13:37
2026-02-07 13:40:36,Pattern Match: 消息免打扰,消息免打扰
2026-02-07 13:40:36,Pattern Match: ^\[\d+条\]$,[1条]
2026-02-07 13:40:36,Pattern Match: ^\d{1,2}:\d{2}$,13:37
2026-02-07 13:40:36,Pattern Match: 消息免打扰,消息免打扰
2026-02-07 13:40:37,Pattern Match: ^\[\d+条\]$,[1条]
2026-02-07 13:40:37,Pattern Match: ^\d{1,2}:\d{2}$,13:37
2026-02-07 13:40:37,Pattern Match: 消息免打扰,消息免打扰
2026-02-07 13:40:37,Pattern Match: ^\[\d+条\]$,[1条]
2026-02-07 13:40:37,Pattern Match: ^\d{1,2}:\d{2}$,13:37
2026-02-07 13:40:37,Pattern Match: 消息免打扰,消息免打扰
2026-02-07 13:40:38,Pattern Match: ^\[\d+条\]$,[1条]
2026-02-07 13:40:38,Pattern Match: ^\d{1,2}:\d{2}$,13:37
2026-02-07 13:40:38,Pattern Match: 消息免打扰,消息免打扰
2026-02-07 13:40:38,Pattern Match: ^\[\d+条\]$,[1条]
2026-02-07 13:40:38,Pattern Match: ^\d{1,2}:\d{2}$,13:37
2026-02-07 13:40:38,Pattern Match: 消息免打扰,消息免打扰
2026-02-07 13:40:38,Pattern Match: ^\[\d+条\]$,[1条]
2026-02-07 13:40:38,Pattern Match: ^\d{1,2}:\d{2}$,13:37
2026-02-07 13:40:38,Pattern Match: 消息免打扰,消息免打扰
2026-02-07 13:40:39,Pattern Match: ^\[\d+条\]$,[1条]
2026-02-07 13:40:39,Pattern Match: ^\d{1,2}:\d{2}$,13:37
2026-02-07 13:40:39,Pattern Match: 消息免打扰,消息免打扰
2026-02-07 13:40:39,Pattern Match: ^\[\d+条\]$,[1条]
2026-02-07 13:40:39,Pattern Match: ^\d{1,2}:\d{2}$,13:37
2026-02-07 13:40:39,Pattern Match: 消息免打扰,消息免打扰
2026-02-07 13:40:40,Pattern Match: ^\[\d+条\]$,[1条]
2026-02-07 13:40:40,Pattern Match: ^\d{1,2}:\d{2}$,13:37
2026-02-07 13:40:40,Pattern Match: 消息免打扰,消息免打扰
2026-02-07 13:40:40,Pattern Match: ^\[\d+条\]$,[1条]
2026-02-07 13:40:40,Pattern Match: ^\d{1,2}:\d{2}$,13:37
2026-02-07 13:40:40,Pattern Match: 消息免打扰,消息免打扰
2026-02-07 13:40:40,Pattern Match: ^\[\d+条\]$,[1条]
2026-02-07 13:40:40,Pattern Match: ^\d{1,2}:\d{2}$,13:37
2026-02-07 13:40:40,Pattern Match: 消息免打扰,消息免打扰
2026-02-07 13:40:41,Pattern Match: ^\[\d+条\]$,[1条]
2026-02-07 13:40:41,Pattern Match: ^\d{1,2}:\d{2}$,13:37
2026-02-07 13:40:41,Pattern Match: 消息免打扰,消息免打扰
2026-02-07 13:40:41,Pattern Match: ^\[\d+条\]$,[1条]
2026-02-07 13:40:41,Pattern Match: ^\d{1,2}:\d{2}$,13:37
2026-02-07 13:40:41,Pattern Match: 消息免打扰,消息免打扰
2026-02-07 13:40:42,Pattern Match: ^\[\d+条\]$,[1条]
2026-02-07 13:40:42,Pattern Match: ^\d{1,2}:\d{2}$,13:37
2026-02-07 13:40:42,Pattern Match: 消息免打扰,消息免打扰
2026-02-07 13:40:42,Pattern Match: ^\[\d+条\]$,[1条]
2026-02-07 13:40:42,Pattern Match: ^\d{1,2}:\d{2}$,13:37
2026-02-07 13:40:42,Pattern Match: 消息免打扰,消息免打扰
2026-02-07 13:40:42,Pattern Match: ^\[\d+条\]$,[1条]
2026-02-07 13:40:42,Pattern Match: ^\d{1,2}:\d{2}$,13:37
2026-02-07 13:40:42,Pattern Match: 消息免打扰,消息免打扰
2026-02-07 13:40:43,Pattern Match: ^\[\d+条\]$,[1条]
2026-02-07 13:40:43,Pattern Match: ^\d{1,2}:\d{2}$,13:37
2026-02-07 13:40:43,Pattern Match: 消息免打扰,消息免打扰
2026-02-07 13:40:43,Pattern Match: ^\[\d+条\]$,[1条]
2026-02-07 13:40:43,Pattern Match: ^\d{1,2}:\d{2}$,13:37
2026-02-07 13:40:43,Pattern Match: 消息免打扰,消息免打扰
2026-02-07 13:40:44,Pattern Match: ^\[\d+条\]$,[1条]
2026-02-07 13:40:44,Pattern Match: ^\d{1,2}:\d{2}$,13:37
2026-02-07 13:40:44,Pattern Match: 消息免打扰,消息免打扰
2026-02-07 13:40:44,Pattern Match: ^\[\d+条\]$,[1条]
2026-02-07 13:40:44,Pattern Match: ^\d{1,2}:\d{2}$,13:37
2026-02-07 13:40:44,Pattern Match: 消息免打扰,消息免打扰
2026-02-07 13:40:44,Pattern Match: ^\[\d+条\]$,[1条]
2026-02-07 13:40:44,Pattern Match: ^\d{1,2}:\d{2}$,13:37
2026-02-07 13:40:44,Pattern Match: 消息免打扰,消息免打扰
2026-02-07 13:40:45,Pattern Match: ^\[\d+条\]$,[1条]
2026-02-07 13:40:45,Pattern Match: ^\d{1,2}:\d{2}$,13:37
2026-02-07 13:40:45,Pattern Match: 消息免打扰,消息免打扰
2026-02-07 13:40:45,Pattern Match: ^\[\d+条\]$,[1条]
2026-02-07 13:40:45,Pattern Match: ^\d{1,2}:\d{2}$,13:37
2026-02-07 13:40:45,Pattern Match: 消息免打扰,消息免打扰
2026-02-07 13:40:46,Pattern Match: ^\[\d+条\]$,[1条]
2026-02-07 13:40:46,Pattern Match: ^\d{1,2}:\d{2}$,13:37
2026-02-07 13:40:46,Pattern Match: 消息免打扰,消息免打扰
2026-02-07 13:40:46,Pattern Match: ^\[\d+条\]$,[1条]
2026-02-07 13:40:46,Pattern Match: ^\d{1,2}:\d{2}$,13:37
2026-02-07 13:40:46,Pattern Match: 消息免打扰,消息免打扰
2026-02-07 13:40:46,Pattern Match: ^\[\d+条\]$,[1条]
2026-02-07 13:40:46,Pattern Match: ^\d{1,2}:\d{2}$,13:37
2026-02-07 13:40:46,Pattern Match: 消息免打扰,消息免打扰
2026-02-07 13:40:47,Pattern Match: ^\[\d+条\]$,[1条]
2026-02-07 13:40:47,Pattern Match: ^\d{1,2}:\d{2}$,13:37
2026-02-07 13:40:47,Pattern Match: 消息免打扰,消息免打扰
2026-02-07 13:40:47,Pattern Match: ^\[\d+条\]$,[1条]
2026-02-07 13:40:47,Pattern Match: ^\d{1,2}:\d{2}$,13:37
2026-02-07 13:40:47,Pattern Match: 消息免打扰,消息免打扰
2026-02-07 13:40:48,Pattern Match: ^\[\d+条\]$,[1条]
2026-02-07 13:40:48,Pattern Match: ^\d{1,2}:\d{2}$,13:37
2026-02-07 13:40:48,Pattern Match: 消息免打扰,消息免打扰
2026-02-07 13:40:48,Pattern Match: ^\[\d+条\]$,[1条]
2026-02-07 13:40:48,Pattern Match: ^\d{1,2}:\d{2}$,13:37
2026-02-07 13:40:48,Pattern Match: 消息免打扰,消息免打扰
2026-02-07 13:40:49,Pattern Match: ^\[\d+条\]$,[1条]
2026-02-07 13:40:49,Pattern Match: ^\d{1,2}:\d{2}$,13:37
2026-02-07 13:40:49,Pattern Match: 消息免打扰,消息免打扰
2026-02-07 13:40:49,Pattern Match: ^\[\d+条\]$,[1条]
2026-02-07 13:40:49,Pattern Match: ^\d{1,2}:\d{2}$,13:37
2026-02-07 13:40:49,Pattern Match: 消息免打扰,消息免打扰
2026-02-07 13:40:49,Pattern Match: ^\[\d+条\]$,[1条]
2026-02-07 13:40:49,Pattern Match: ^\d{1,2}:\d{2}$,13:37
2026-02-07 13:40:49,Pattern Match: 消息免打扰,消息免打扰
2026-02-07 13:40:50,Pattern Match: ^\[\d+条\]$,[1条]
2026-02-07 13:40:50,Pattern Match: ^\d{1,2}:\d{2}$,13:37
2026-02-07 13:40:50,Pattern Match: 消息免打扰,消息免打扰
2026-02-07 13:40:50,Pattern Match: ^\[\d+条\]$,[1条]
2026-02-07 13:40:50,Pattern Match: ^\d{1,2}:\d{2}$,13:37
2026-02-07 13:40:50,Pattern Match: 消息免打扰,消息免打扰
2026-02-07 13:40:51,Pattern Match: ^\[\d+条\]$,[1条]
2026-02-07 13:40:51,Pattern Match: ^\d{1,2}:\d{2}$,13:37
2026-02-07 13:40:51,Pattern Match: 消息免打扰,消息免打扰
2026-02-07 13:40:51,Pattern Match: ^\[\d+条\]$,[1条]
2026-02-07 13:40:51,Pattern Match: ^\d{1,2}:\d{2}$,13:37
2026-02-07 13:40:51,Pattern Match: 消息免打扰,消息免打扰
2026-02-07 13:40:52,Pattern Match: ^\[\d+条\]$,[1条]
2026-02-07 13:40:52,Pattern Match: ^\d{1,2}:\d{2}$,13:37
2026-02-07 13:40:52,Pattern Match: 消息免打扰,消息免打扰
2026-02-07 13:40:52,Pattern Match: ^\[\d+条\]$,[1条]
2026-02-07 13:40:52,Pattern Match: ^\d{1,2}:\d{2}$,13:37
2026-02-07 13:40:52,Pattern Match: 消息免打扰,消息免打扰
2026-02-07 13:40:52,Pattern Match: ^\[\d+条\]$,[1条]
2026-02-07 13:40:52,Pattern Match: ^\d{1,2}:\d{2}$,13:37
2026-02-07 13:40:52,Pattern Match: 消息免打扰,消息免打扰
2026-02-07 13:40:53,Pattern Match: ^\[\d+条\]$,[1条]
2026-02-07 13:40:53,Pattern Match: ^\d{1,2}:\d{2}$,13:37
2026-02-07 13:40:53,Pattern Match: 消息免打扰,消息免打扰
2026-02-07 13:40:53,Pattern Match: ^\[\d+条\]$,[1条]
2026-02-07 13:40:53,Pattern Match: ^\d{1,2}:\d{2}$,13:37
2026-02-07 13:40:53,Pattern Match: 消息免打扰,消息免打扰
2026-02-07 13:40:54,Pattern Match: ^\[\d+条\]$,[1条]
2026-02-07 13:40:54,Pattern Match: ^\d{1,2}:\d{2}$,13:37
2026-02-07 13:40:54,Pattern Match: 消息免打扰,消息免打扰
2026-02-07 13:40:54,Pattern Match: ^\[\d+条\]$,[1条]
2026-02-07 13:40:54,Pattern Match: ^\d{1,2}:\d{2}$,13:37
2026-02-07 13:40:54,Pattern Match: 消息免打扰,消息免打扰
2026-02-07 13:40:55,Pattern Match: ^\[\d+条\]$,[1条]
2026-02-07 13:40:55,Pattern Match: ^\d{1,2}:\d{2}$,13:37
2026-02-07 13:40:55,Pattern Match: 消息免打扰,消息免打扰
2026-02-07 13:40:55,Pattern Match: ^\[\d+条\]$,[1条]
2026-02-07 13:40:55,Pattern Match: ^\d{1,2}:\d{2}$,13:37
2026-02-07 13:40:55,Pattern Match: 消息免打扰,消息免打扰
2026-02-07 13:40:55,Pattern Match: ^\[\d+条\]$,[1条]
2026-02-07 13:40:55,Pattern Match: ^\d{1,2}:\d{2}$,13:37
2026-02-07 13:40:55,Pattern Match: 消息免打扰,消息免打扰
2026-02-07 13:40:56,Pattern Match: ^\[\d+条\]$,[1条]
2026-02-07 13:40:56,Pattern Match: ^\d{1,2}:\d{2}$,13:37
2026-02-07 13:40:56,Pattern Match: 消息免打扰,消息免打扰
2026-02-07 13:40:56,Pattern Match: ^\[\d+条\]$,[1条]
2026-02-07 13:40:56,Pattern Match: ^\d{1,2}:\d{2}$,13:37
2026-02-07 13:40:56,Pattern Match: 消息免打扰,消息免打扰
2026-02-07 13:40:57,Pattern Match: ^\[\d+条\]$,[1条]
2026-02-07 13:40:57,Pattern Match: ^\d{1,2}:\d{2}$,13:37
2026-02-07 13:40:57,Pattern Match: 消息免打扰,消息免打扰
2026-02-07 13:40:57,Pattern Match: ^\[\d+条\]$,[1条]
2026-02-07 13:40:57,Pattern Match: ^\d{1,2}:\d{2}$,13:37
2026-02-07 13:40:57,Pattern Match: 消息免打扰,消息免打扰
2026-02-07 13:40:58,Pattern Match: ^\[\d+条\]$,[1条]
2026-02-07 13:40:58,Pattern Match: ^\d{1,2}:\d{2}$,13:37
2026-02-07 13:40:58,Pattern Match: 消息免打扰,消息免打扰
2026-02-07 13:40:58,Pattern Match: ^\[\d+条\]$,[1条]
2026-02-07 13:40:58,Pattern Match: ^\d{1,2}:\d{2}$,13:37
2026-02-07 13:40:58,Pattern Match: 消息免打扰,消息免打扰
2026-02-07 13:40:58,Pattern Match: ^\[\d+条\]$,[1条]
2026-02-07 13:40:58,Pattern Match: ^\d{1,2}:\d{2}$,13:37
2026-02-07 13:40:58,Pattern Match: 消息免打扰,消息免打扰
2026-02-07 13:40:59,Pattern Match: ^\[\d+条\]$,[1条]
2026-02-07 13:40:59,Pattern Match: ^\d{1,2}:\d{2}$,13:37
2026-02-07 13:40:59,Pattern Match: 消息免打扰,消息免打扰
2026-02-07 13:40:59,Pattern Match: ^\[\d+条\]$,[1条]
2026-02-07 13:40:59,Pattern Match: ^\d{1,2}:\d{2}$,13:37
2026-02-07 13:40:59,Pattern Match: 消息免打扰,消息免打扰
2026-02-07 13:41:00,Pattern Match: ^\[\d+条\]$,[1条]
2026-02-07 13:41:00,Pattern Match: ^\d{1,2}:\d{2}$,13:37
2026-02-07 13:41:00,Pattern Match: 消息免打扰,消息免打扰
2026-02-07 13:41:00,Pattern Match: ^\[\d+条\]$,[1条]
2026-02-07 13:41:00,Pattern Match: ^\d{1,2}:\d{2}$,13:37
2026-02-07 13:41:00,Pattern Match: 消息免打扰,消息免打扰
2026-02-07 13:41:01,Pattern Match: ^\[\d+条\]$,[1条]
2026-02-07 13:41:01,Pattern Match: ^\d{1,2}:\d{2}$,13:37
2026-02-07 13:41:01,Pattern Match: 消息免打扰,消息免打扰
2026-02-07 13:41:01,Pattern Match: ^\[\d+条\]$,[1条]
2026-02-07 13:41:01,Pattern Match: ^\d{1,2}:\d{2}$,13:37
2026-02-07 13:41:01,Pattern Match: 消息免打扰,消息免打扰
2026-02-07 13:41:01,Pattern Match: ^\[\d+条\]$,[1条]
2026-02-07 13:41:01,Pattern Match: ^\d{1,2}:\d{2}$,13:37
2026-02-07 13:41:01,Pattern Match: 消息免打扰,消息免打扰
2026-02-07 13:41:02,Pattern Match: ^\[\d+条\]$,[1条]
2026-02-07 13:41:02,Pattern Match: ^\d{1,2}:\d{2}$,13:37
2026-02-07 13:41:02,Pattern Match: 消息免打扰,消息免打扰
2026-02-07 13:41:02,Pattern Match: ^\[\d+条\]$,[1条]
2026-02-07 13:41:02,Pattern Match: ^\d{1,2}:\d{2}$,13:37
2026-02-07 13:41:02,Pattern Match: 消息免打扰,消息免打扰
2026-02-07 13:41:03,Pattern Match: ^\[\d+条\]$,[1条]
2026-02-07 13:41:03,Pattern Match: ^\d{1,2}:\d{2}$,13:37
2026-02-07 13:41:03,Pattern Match: 消息免打扰,消息免打扰
2026-02-07 13:41:03,Pattern Match: ^\[\d+条\]$,[1条]
2026-02-07 13:41:03,Pattern Match: ^\d{1,2}:\d{2}$,13:37
2026-02-07 13:41:03,Pattern Match: 消息免打扰,消息免打扰
2026-02-07 13:41:03,Pattern Match: ^\[\d+条\]$,[1条]
2026-02-07 13:41:03,Pattern Match: ^\d{1,2}:\d{2}$,13:37
2026-02-07 13:41:03,Pattern Match: 消息免打扰,消息免打扰
2026-02-07 13:41:04,Pattern Match: ^\[\d+条\]$,[1条]
2026-02-07 13:41:04,Pattern Match: ^\d{1,2}:\d{2}$,13:37
2026-02-07 13:41:04,Pattern Match: 消息免打扰,消息免打扰
2026-02-07 13:41:04,Pattern Match: ^\[\d+条\]$,[1条]
2026-02-07 13:41:04,Pattern Match: ^\d{1,2}:\d{2}$,13:37
2026-02-07 13:41:04,Pattern Match: 消息免打扰,消息免打扰
2026-02-07 13:41:05,Pattern Match: ^\[\d+条\]$,[1条]
2026-02-07 13:41:05,Pattern Match: ^\d{1,2}:\d{2}$,13:37
2026-02-07 13:41:05,Pattern Match: 消息免打扰,消息免打扰
2026-02-07 13:41:05,Pattern Match: ^\[\d+条\]$,[1条]
2026-02-07 13:41:05,Pattern Match: ^\d{1,2}:\d{2}$,13:37
2026-02-07 13:41:05,Pattern Match: 消息免打扰,消息免打扰
2026-02-07 13:41:06,Pattern Match: ^\[\d+条\]$,[1条]
2026-02-07 13:41:06,Pattern Match: ^\d{1,2}:\d{2}$,13:37
2026-02-07 13:41:06,Pattern Match: 消息免打扰,消息免打扰
2026-02-07 13:41:06,Pattern Match: ^\[\d+条\]$,[1条]
2026-02-07 13:41:06,Pattern Match: ^\d{1,2}:\d{2}$,13:37
2026-02-07 13:41:06,Pattern Match: 消息免打扰,消息免打扰
2026-02-07 13:41:06,Pattern Match: ^\[\d+条\]$,[1条]
2026-02-07 13:41:06,Pattern Match: ^\d{1,2}:\d{2}$,13:37
2026-02-07 13:41:06,Pattern Match: 消息免打扰,消息免打扰
2026-02-07 13:41:07,Pattern Match: ^\[\d+条\]$,[1条]
2026-02-07 13:41:07,Pattern Match: ^\d{1,2}:\d{2}$,13:37
2026-02-07 13:41:07,Pattern Match: 消息免打扰,消息免打扰
2026-02-07 13:41:07,Pattern Match: ^\[\d+条\]$,[1条]
2026-02-07 13:41:07,Pattern Match: ^\d{1,2}:\d{2}$,13:37
2026-02-07 13:41:07,Pattern Match: 消息免打扰,消息免打扰
2026-02-07 13:41:08,Pattern Match: ^\[\d+条\]$,[1条]
2026-02-07 13:41:08,Pattern Match: ^\d{1,2}:\d{2}$,13:37
2026-02-07 13:41:08,Pattern Match: 消息免打扰,消息免打扰
2026-02-07 13:41:08,Pattern Match: ^\[\d+条\]$,[1条]
2026-02-07 13:41:08,Pattern Match: ^\d{1,2}:\d{2}$,13:37
2026-02-07 13:41:08,Pattern Match: 消息免打扰,消息免打扰
2026-02-07 13:41:08,Pattern Match: ^\[\d+条\]$,[1条]
2026-02-07 13:41:08,Pattern Match: ^\d{1,2}:\d{2}$,13:37
2026-02-07 13:41:08,Pattern Match: 消息免打扰,消息免打扰
2026-02-07 13:41:09,Pattern Match: ^\[\d+条\]$,[1条]
2026-02-07 13:41:09,Pattern Match: ^\d{1,2}:\d{2}$,13:37
2026-02-07 13:41:09,Pattern Match: 消息免打扰,消息免打扰
2026-02-07 13:41:09,Pattern Match: ^\[\d+条\]$,[1条]
2026-02-07 13:41:09,Pattern Match: ^\d{1,2}:\d{2}$,13:37
2026-02-07 13:41:09,Pattern Match: 消息免打扰,消息免打扰
2026-02-07 13:41:10,Pattern Match: ^\[\d+条\]$,[1条]
2026-02-07 13:41:10,Pattern Match: ^\d{1,2}:\d{2}$,13:37
2026-02-07 13:41:10,Pattern Match: 消息免打扰,消息免打扰
2026-02-07 13:41:10,Pattern Match: ^\[\d+条\]$,[1条]
2026-02-07 13:41:10,Pattern Match: ^\d{1,2}:\d{2}$,13:37
2026-02-07 13:41:10,Pattern Match: 消息免打扰,消息免打扰
2026-02-07 13:41:11,Pattern Match: ^\[\d+条\]$,[1条]
2026-02-07 13:41:11,Pattern Match: ^\d{1,2}:\d{2}$,13:37
2026-02-07 13:41:11,Pattern Match: 消息免打扰,消息免打扰
2026-02-07 13:41:11,Pattern Match: ^\[\d+条\]$,[1条]
2026-02-07 13:41:11,Pattern Match: ^\d{1,2}:\d{2}$,13:37
2026-02-07 13:41:11,Pattern Match: 消息免打扰,消息免打扰
2026-02-07 13:41:11,Pattern Match: ^\[\d+条\]$,[1条]
2026-02-07 13:41:11,Pattern Match: ^\d{1,2}:\d{2}$,13:37
2026-02-07 13:41:11,Pattern Match: 消息免打扰,消息免打扰
2026-02-07 13:41:12,Pattern Match: ^\[\d+条\]$,[1条]
2026-02-07 13:41:12,Pattern Match: ^\d{1,2}:\d{2}$,13:37
2026-02-07 13:41:12,Pattern Match: 消息免打扰,消息免打扰
2026-02-07 13:41:12,Pattern Match: ^\[\d+条\]$,[1条]
2026-02-07 13:41:12,Pattern Match: ^\d{1,2}:\d{2}$,13:37
2026-02-07 13:41:12,Pattern Match: 消息免打扰,消息免打扰
2026-02-07 13:41:13,Pattern Match: ^\[\d+条\]$,[1条]
2026-02-07 13:41:13,Pattern Match: ^\d{1,2}:\d{2}$,13:37
2026-02-07 13:41:13,Pattern Match: 消息免打扰,消息免打扰
2026-02-07 13:41:13,Pattern Match: ^\[\d+条\]$,[1条]
2026-02-07 13:41:13,Pattern Match: ^\d{1,2}:\d{2}$,13:37
2026-02-07 13:41:13,Pattern Match: 消息免打扰,消息免打扰
2026-02-07 13:41:13,Pattern Match: ^\[\d+条\]$,[1条]
2026-02-07 13:41:13,Pattern Match: ^\d{1,2}:\d{2}$,13:37
2026-02-07 13:41:13,Pattern Match: 消息免打扰,消息免打扰
2026-02-07 13:41:14,Pattern Match: ^\[\d+条\]$,[1条]
2026-02-07 13:41:14,Pattern Match: ^\d{1,2}:\d{2}$,13:37
2026-02-07 13:41:14,Pattern Match: 消息免打扰,消息免打扰
2026-02-07 13:41:14,Pattern Match: ^\[\d+条\]$,[1条]
2026-02-07 13:41:14,Pattern Match: ^\d{1,2}:\d{2}$,13:37
2026-02-07 13:41:14,Pattern Match: 消息免打扰,消息免打扰
2026-02-07 13:41:15,Pattern Match: ^\[\d+条\]$,[1条]
2026-02-07 13:41:15,Pattern Match: ^\d{1,2}:\d{2}$,13:37
2026-02-07 13:41:15,Pattern Match: 消息免打扰,消息免打扰
2026-02-07 13:41:15,Pattern Match: ^\[\d+条\]$,[1条]
2026-02-07 13:41:15,Pattern Match: ^\d{1,2}:\d{2}$,13:37
2026-02-07 13:41:15,Pattern Match: 消息免打扰,消息免打扰
2026-02-07 13:41:15,Pattern Match: ^\[\d+条\]$,[1条]
2026-02-07 13:41:15,Pattern Match: ^\d{1,2}:\d{2}$,13:37
2026-02-07 13:41:15,Pattern Match: 消息免打扰,消息免打扰
2026-02-07 13:41:16,Pattern Match: ^\[\d+条\]$,[1条]
2026-02-07 13:41:16,Pattern Match: ^\d{1,2}:\d{2}$,13:37
2026-02-07 13:41:16,Pattern Match: 消息免打扰,消息免打扰
2026-02-07 13:41:16,Pattern Match: ^\[\d+条\]$,[1条]
2026-02-07 13:41:16,Pattern Match: ^\d{1,2}:\d{2}$,13:37
2026-02-07 13:41:16,Pattern Match: 消息免打扰,消息免打扰
2026-02-07 13:41:17,Pattern Match: ^\[\d+条\]$,[1条]
2026-02-07 13:41:17,Pattern Match: ^\d{1,2}:\d{2}$,13:37
2026-02-07 13:41:17,Pattern Match: 消息免打扰,消息免打扰
2026-02-07 13:41:17,Pattern Match: ^\[\d+条\]$,[1条]
2026-02-07 13:41:17,Pattern Match: ^\d{1,2}:\d{2}$,13:37
2026-02-07 13:41:17,Pattern Match: 消息免打扰,消息免打扰
2026-02-07 13:41:17,Pattern Match: ^\[\d+条\]$,[1条]
2026-02-07 13:41:17,Pattern Match: ^\d{1,2}:\d{2}$,13:37
2026-02-07 13:41:17,Pattern Match: 消息免打扰,消息免打扰
2026-02-07 13:41:18,Pattern Match: ^\[\d+条\]$,[1条]
2026-02-07 13:41:18,Pattern Match: ^\d{1,2}:\d{2}$,13:37
2026-02-07 13:41:18,Pattern Match: 消息免打扰,消息免打扰
2026-02-07 13:41:18,Pattern Match: ^\[\d+条\]$,[1条]
2026-02-07 13:41:18,Pattern Match: ^\d{1,2}:\d{2}$,13:37
2026-02-07 13:41:18,Pattern Match: 消息免打扰,消息免打扰
2026-02-07 13:41:19,Pattern Match: ^\[\d+条\]$,[1条]
2026-02-07 13:41:19,Pattern Match: ^\d{1,2}:\d{2}$,13:37
2026-02-07 13:41:19,Pattern Match: 消息免打扰,消息免打扰
2026-02-07 13:41:19,Pattern Match: ^\[\d+条\]$,[1条]
2026-02-07 13:41:19,Pattern Match: ^\d{1,2}:\d{2}$,13:37
2026-02-07 13:41:19,Pattern Match: 消息免打扰,消息免打扰
2026-02-07 13:41:19,Pattern Match: ^\[\d+条\]$,[1条]
2026-02-07 13:41:19,Pattern Match: ^\d{1,2}:\d{2}$,13:37
2026-02-07 13:41:19,Pattern Match: 消息免打扰,消息免打扰
2026-02-07 13:41:20,Pattern Match: ^\[\d+条\]$,[1条]
2026-02-07 13:41:20,Pattern Match: ^\d{1,2}:\d{2}$,13:37
2026-02-07 13:41:20,Pattern Match: 消息免打扰,消息免打扰
2026-02-07 13:41:20,Pattern Match: ^\[\d+条\]$,[1条]
2026-02-07 13:41:20,Pattern Match: ^\d{1,2}:\d{2}$,13:37
2026-02-07 13:41:20,Pattern Match: 消息免打扰,消息免打扰
2026-02-07 13:41:21,Pattern Match: ^\[\d+条\]$,[1条]
2026-02-07 13:41:21,Pattern Match: ^\d{1,2}:\d{2}$,13:37
2026-02-07 13:41:21,Pattern Match: 消息免打扰,消息免打扰
2026-02-07 13:41:21,Pattern Match: ^\[\d+条\]$,[1条]
2026-02-07 13:41:21,Pattern Match: ^\d{1,2}:\d{2}$,13:37
2026-02-07 13:41:21,Pattern Match: 消息免打扰,消息免打扰
2026-02-07 13:41:21,Pattern Match: ^\[\d+条\]$,[1条]
2026-02-07 13:41:21,Pattern Match: ^\d{1,2}:\d{2}$,13:37
2026-02-07 13:41:21,Pattern Match: 消息免打扰,消息免打扰
2026-02-07 13:41:22,Pattern Match: ^\[\d+条\]$,[1条]
2026-02-07 13:41:22,Pattern Match: ^\d{1,2}:\d{2}$,13:37
2026-02-07 13:41:22,Pattern Match: 消息免打扰,消息免打扰
2026-02-07 13:41:22,Pattern Match: ^\[\d+条\]$,[1条]
2026-02-07 13:41:22,Pattern Match: ^\d{1,2}:\d{2}$,13:37
2026-02-07 13:41:22,Pattern Match: 消息免打扰,消息免打扰
2026-02-07 13:41:23,Pattern Match: ^\[\d+条\]$,[1条]
2026-02-07 13:41:23,Pattern Match: ^\d{1,2}:\d{2}$,13:37
2026-02-07 13:41:23,Pattern Match: 消息免打扰,消息免打扰
2026-02-07 13:41:23,Pattern Match: ^\[\d+条\]$,[1条]
2026-02-07 13:41:23,Pattern Match: ^\d{1,2}:\d{2}$,13:37
2026-02-07 13:41:23,Pattern Match: 消息免打扰,消息免打扰
2026-02-07 13:41:24,Pattern Match: ^\[\d+条\]$,[1条]
2026-02-07 13:41:24,Pattern Match: ^\d{1,2}:\d{2}$,13:37
2026-02-07 13:41:24,Pattern Match: 消息免打扰,消息免打扰
2026-02-07 13:41:24,Pattern Match: ^\[\d+条\]$,[1条]
2026-02-07 13:41:24,Pattern Match: ^\d{1,2}:\d{2}$,13:37
2026-02-07 13:41:24,Pattern Match: 消息免打扰,消息免打扰
2026-02-07 13:41:24,Pattern Match: ^\[\d+条\]$,[1条]
2026-02-07 13:41:24,Pattern Match: ^\d{1,2}:\d{2}$,13:37
2026-02-07 13:41:24,Pattern Match: 消息免打扰,消息免打扰
2026-02-07 13:41:25,Pattern Match: ^\[\d+条\]$,[1条]
2026-02-07 13:41:25,Pattern Match: ^\d{1,2}:\d{2}$,13:37
2026-02-07 13:41:25,Pattern Match: 消息免打扰,消息免打扰
2026-02-07 13:41:25,Pattern Match: ^\[\d+条\]$,[1条]
2026-02-07 13:41:25,Pattern Match: ^\d{1,2}:\d{2}$,13:37
2026-02-07 13:41:25,Pattern Match: 消息免打扰,消息免打扰
